Id,probability
0,0.002
1,0.03
2,0.016
3,0.002
4,0.014
5,0.0
6,0.008
7,0.008
8,0.002
9,0.0
10,0.026
11,0.062
12,0.006
13,0.0
14,0.004
15,0.0
16,0.002
17,0.004
18,0.0
100,0.0
101,0.012
102,0.012
103,0.0
104,0.012
105,0.0
106,0.002
107,0.028
108,0.002
109,0.002
110,0.004
111,0.412
112,0.002
113,0.0
114,0.0
115,0.0
116,0.0
117,0.02
118,0.0
400,0.002
401,0.826
402,0.08
403,0.002
404,0.016
405,0.002
406,0.018
407,0.044
408,0.006
409,0.024
410,0.506
411,0.766
412,0.054
413,0.002
414,0.008
415,0.036
416,0.008
417,0.058
418,0.008
600,0.0
601,0.0
602,0.002
603,0.0
604,0.0
605,0.0
606,0.002
607,0.0
608,0.0
609,0.0
610,0.006
611,0.006
612,0.0
613,0.0
614,0.0
615,0.0
616,0.002
617,0.004
618,0.0
700,0.0
701,0.0
702,0.0
703,0.0
704,0.0
705,0.0
706,0.0
707,0.0
708,0.0
709,0.0
710,0.0
711,0.0
712,0.0
713,0.0
714,0.0
715,0.0
716,0.0
717,0.004
718,0.0
1000,0.0
1001,0.018
1002,0.008
1003,0.002
1004,0.004
1005,0.0
1006,0.014
1007,0.004
1008,0.008
1009,0.012
1010,0.37
1011,0.006
1012,0.128
1013,0.0
1014,0.002
1015,0.002
1016,0.0
1017,0.168
1018,0.008
1200,0.002
1201,0.248
1202,0.394
1203,0.002
1204,0.312
1205,0.002
1206,0.008
1207,0.016
1208,0.016
1209,0.018
1210,0.432
1211,0.286
1212,0.08
1213,0.002
1214,0.012
1215,0.018
1216,0.004
1217,0.02
1218,0.014
1700,0.0
1701,0.0
1702,0.0
1703,0.0
1704,0.0
1705,0.0
1706,0.0
1707,0.002
1708,0.0
1709,0.0
1710,0.008
1711,0.002
1712,0.0
1713,0.0
1714,0.0
1715,0.0
1716,0.0
1717,0.002
1718,0.0
2200,0.0
2201,0.012
2202,0.0
2203,0.0
2204,0.0
2205,0.0
2206,0.0
2207,0.002
2208,0.0
2209,0.0
2210,0.03
2211,0.0
2212,0.002
2213,0.0
2214,0.0
2215,0.0
2216,0.0
2217,0.0
2218,0.004
2700,0.016
2701,0.492
2702,0.114
2703,0.004
2704,0.042
2705,0.01
2706,0.004
2707,0.064
2708,0.03
2709,0.048
2710,0.22
2711,0.088
2712,0.02
2713,0.0
2714,0.02
2715,0.002
2716,0.008
2717,0.006
2718,0.016
2800,0.0
2801,0.106
2802,0.026
2803,0.002
2804,0.022
2805,0.038
2806,0.064
2807,0.154
2808,0.046
2809,0.078
2810,0.79
2811,0.004
2812,0.09
2813,0.016
2814,0.022
2815,0.02
2816,0.002
2817,0.03
2818,0.308
2900,0.0
2901,0.0
2902,0.0
2903,0.0
2904,0.002
2905,0.0
2906,0.004
2907,0.008
2908,0.0
2909,0.006
2910,0.48
2911,0.0
2912,0.004
2913,0.002
2914,0.0
2915,0.0
2916,0.0
2917,0.0
2918,0.052
3000,0.0
3001,0.09
3002,0.012
3003,0.0
3004,0.018
3005,0.012
3006,0.016
3007,0.126
3008,0.014
3009,0.088
3010,0.798
3011,0.006
3012,0.056
3013,0.002
3014,0.01
3015,0.018
3016,0.008
3017,0.004
3018,0.264
3100,0.032
3101,0.26
3102,0.172
3103,0.006
3104,0.11
3105,0.0
3106,0.02
3107,0.194
3108,0.018
3109,0.04
3110,0.262
3111,0.068
3112,0.004
3113,0.0
3114,0.018
3115,0.006
3116,0.022
3117,0.08
3118,0.08
3200,0.002
3201,0.024
3202,0.004
3203,0.002
3204,0.024
3205,0.002
3206,0.002
3207,0.126
3208,0.006
3209,0.088
3210,0.286
3211,0.004
3212,0.074
3213,0.0
3214,0.004
3215,0.006
3216,0.004
3217,0.012
3218,0.754
3300,0.01
3301,0.198
3302,0.038
3303,0.01
3304,0.026
3305,0.01
3306,0.022
3307,0.248
3308,0.018
3309,0.06
3310,0.41
3311,0.03
3312,0.046
3313,0.006
3314,0.014
3315,0.012
3316,0.002
3317,0.282
3318,0.192
3400,0.0
3401,0.018
3402,0.0
3403,0.0
3404,0.002
3405,0.0
3406,0.004
3407,0.016
3408,0.002
3409,0.016
3410,0.378
3411,0.0
3412,0.004
3413,0.0
3414,0.0
3415,0.0
3416,0.0
3417,0.0
3418,0.118
3700,0.002
3701,0.126
3702,0.018
3703,0.004
3704,0.066
3705,0.0
3706,0.012
3707,0.116
3708,0.016
3709,0.028
3710,0.64
3711,0.01
3712,0.044
3713,0.0
3714,0.006
3715,0.002
3716,0.006
3717,0.02
3718,0.088
4000,0.004
4001,0.044
4002,0.008
4003,0.0
4004,0.006
4005,0.004
4006,0.004
4007,0.066
4008,0.006
4009,0.062
4010,0.24
4011,0.016
4012,0.036
4013,0.0
4014,0.002
4015,0.004
4016,0.026
4017,0.018
4018,0.652
4100,0.002
4101,0.018
4102,0.056
4103,0.0
4104,0.08
4105,0.012
4106,0.468
4107,0.092
4108,0.008
4109,0.142
4110,0.298
4111,0.006
4112,0.124
4113,0.008
4114,0.018
4115,0.01
4116,0.024
4117,0.034
4118,0.14
4200,0.0
4201,0.02
4202,0.078
4203,0.004
4204,0.018
4205,0.006
4206,0.262
4207,0.054
4208,0.004
4209,0.036
4210,0.288
4211,0.0
4212,0.054
4213,0.004
4214,0.002
4215,0.008
4216,0.012
4217,0.054
4218,0.126
4400,0.01
4401,0.05
4402,0.044
4403,0.002
4404,0.016
4405,0.012
4406,0.11
4407,0.074
4408,0.058
4409,0.126
4410,0.202
4411,0.014
4412,0.064
4413,0.002
4414,0.014
4415,0.006
4416,0.156
4417,0.008
4418,0.168
4700,0.002
4701,0.01
4702,0.014
4703,0.0
4704,0.018
4705,0.022
4706,0.042
4707,0.02
4708,0.018
4709,0.072
4710,0.144
4711,0.01
4712,0.048
4713,0.006
4714,0.006
4715,0.016
4716,0.048
4717,0.004
4718,0.71
4800,0.0
4801,0.0
4802,0.0
4803,0.0
4804,0.0
4805,0.0
4806,0.0
4807,0.0
4808,0.0
4809,0.0
4810,0.002
4811,0.0
4812,0.0
4813,0.0
4814,0.0
4815,0.0
4816,0.006
4817,0.0
4818,0.006
4900,0.006
4901,0.034
4902,0.028
4903,0.004
4904,0.046
4905,0.054
4906,0.224
4907,0.114
4908,0.036
4909,0.218
4910,0.438
4911,0.002
4912,0.158
4913,0.052
4914,0.046
4915,0.02
4916,0.03
4917,0.008
4918,0.372
5100,0.0
5101,0.01
5102,0.058
5103,0.0
5104,0.05
5105,0.004
5106,0.286
5107,0.068
5108,0.004
5109,0.132
5110,0.304
5111,0.004
5112,0.14
5113,0.01
5114,0.016
5115,0.02
5116,0.018
5117,0.04
5118,0.414
5200,0.0
5201,0.0
5202,0.0
5203,0.0
5204,0.0
5205,0.0
5206,0.0
5207,0.024
5208,0.0
5209,0.0
5210,0.018
5211,0.0
5212,0.002
5213,0.0
5214,0.0
5215,0.0
5216,0.006
5217,0.0
5218,0.006
5700,0.02
5701,0.062
5702,0.018
5703,0.004
5704,0.036
5705,0.006
5706,0.2
5707,0.018
5708,0.036
5709,0.172
5710,0.082
5711,0.002
5712,0.012
5713,0.0
5714,0.02
5715,0.0
5716,0.002
5717,0.0
5718,0.002
5900,0.002
5901,0.004
5902,0.0
5903,0.0
5904,0.006
5905,0.0
5906,0.016
5907,0.024
5908,0.024
5909,0.006
5910,0.014
5911,0.012
5912,0.0
5913,0.0
5914,0.0
5915,0.0
5916,0.012
5917,0.0
5918,0.0
6200,0.014
6201,0.0
6202,0.0
6203,0.0
6204,0.0
6205,0.0
6206,0.002
6207,0.0
6208,0.0
6209,0.004
6210,0.01
6211,0.0
6212,0.0
6213,0.0
6214,0.0
6215,0.0
6216,0.0
6217,0.0
6218,0.0
6300,0.0
6301,0.0
6302,0.0
6303,0.0
6304,0.0
6305,0.0
6306,0.0
6307,0.0
6308,0.0
6309,0.0
6310,0.032
6311,0.0
6312,0.0
6313,0.0
6314,0.0
6315,0.0
6316,0.0
6317,0.0
6318,0.0
6500,0.002
6501,0.0
6502,0.002
6503,0.002
6504,0.002
6505,0.0
6506,0.728
6507,0.028
6508,0.018
6509,0.006
6510,0.154
6511,0.002
6512,0.006
6513,0.0
6514,0.006
6515,0.0
6516,0.002
6517,0.0
6518,0.022
6600,0.0
6601,0.0
6602,0.0
6603,0.0
6604,0.0
6605,0.0
6606,0.0
6607,0.0
6608,0.0
6609,0.0
6610,0.034
6611,0.0
6612,0.0
6613,0.0
6614,0.0
6615,0.0
6616,0.0
6617,0.0
6618,0.0
6800,0.002
6801,0.002
6802,0.008
6803,0.004
6804,0.004
6805,0.006
6806,0.424
6807,0.052
6808,0.046
6809,0.018
6810,0.298
6811,0.002
6812,0.062
6813,0.0
6814,0.0
6815,0.0
6816,0.0
6817,0.0
6818,0.012
6900,0.012
6901,0.786
6902,0.272
6903,0.002
6904,0.022
6905,0.028
6906,0.028
6907,0.402
6908,0.114
6909,0.052
6910,0.15
6911,0.192
6912,0.558
6913,0.002
6914,0.014
6915,0.016
6916,0.004
6917,0.014
6918,0.006
7000,0.072
7001,0.59
7002,0.276
7003,0.008
7004,0.024
7005,0.102
7006,0.04
7007,0.158
7008,0.14
7009,0.174
7010,0.208
7011,0.118
7012,0.178
7013,0.0
7014,0.04
7015,0.004
7016,0.012
7017,0.016
7018,0.014
7200,0.014
7201,0.74
7202,0.188
7203,0.004
7204,0.018
7205,0.04
7206,0.032
7207,0.236
7208,0.15
7209,0.06
7210,0.186
7211,0.08
7212,0.332
7213,0.004
7214,0.018
7215,0.016
7216,0.006
7217,0.028
7218,0.006
7400,0.034
7401,0.442
7402,0.144
7403,0.038
7404,0.006
7405,0.056
7406,0.016
7407,0.188
7408,0.13
7409,0.048
7410,0.152
7411,0.078
7412,0.214
7413,0.002
7414,0.026
7415,0.01
7416,0.004
7417,0.056
7418,0.022
7500,0.02
7501,0.102
7502,0.068
7503,0.04
7504,0.006
7505,0.022
7506,0.026
7507,0.082
7508,0.052
7509,0.04
7510,0.108
7511,0.014
7512,0.004
7513,0.0
7514,0.004
7515,0.008
7516,0.004
7517,0.0
7518,0.0
7700,0.08
7701,0.168
7702,0.114
7703,0.024
7704,0.016
7705,0.01
7706,0.04
7707,0.09
7708,0.064
7709,0.036
7710,0.022
7711,0.026
7712,0.0
7713,0.0
7714,0.062
7715,0.0
7716,0.0
7717,0.0
7718,0.002
7900,0.202
7901,0.118
7902,0.2
7903,0.054
7904,0.01
7905,0.044
7906,0.05
7907,0.138
7908,0.108
7909,0.03
7910,0.138
7911,0.006
7912,0.012
7913,0.002
7914,0.038
7915,0.014
7916,0.0
7917,0.012
7918,0.004
8100,0.0
8101,0.0
8102,0.0
8103,0.0
8104,0.0
8105,0.0
8106,0.0
8107,0.0
8108,0.0
8109,0.0
8110,0.0
8111,0.0
8112,0.0
8113,0.0
8114,0.0
8115,0.0
8116,0.0
8117,0.0
8118,0.0
8200,0.122
8201,0.342
8202,0.148
8203,0.018
8204,0.008
8205,0.03
8206,0.094
8207,0.06
8208,0.204
8209,0.182
8210,0.048
8211,0.062
8212,0.01
8213,0.0
8214,0.112
8215,0.004
8216,0.004
8217,0.002
8218,0.002
8300,0.0
8301,0.0
8302,0.0
8303,0.0
8304,0.0
8305,0.0
8306,0.0
8307,0.0
8308,0.0
8309,0.0
8310,0.002
8311,0.0
8312,0.0
8313,0.0
8314,0.0
8315,0.0
8316,0.0
8317,0.0
8318,0.0
8400,0.0
8401,0.0
8402,0.0
8403,0.0
8404,0.0
8405,0.0
8406,0.0
8407,0.002
8408,0.0
8409,0.0
8410,0.002
8411,0.0
8412,0.0
8413,0.0
8414,0.0
8415,0.0
8416,0.0
8417,0.0
8418,0.0
8500,0.0
8501,0.004
8502,0.0
8503,0.0
8504,0.0
8505,0.0
8506,0.0
8507,0.0
8508,0.0
8509,0.0
8510,0.002
8511,0.0
8512,0.0
8513,0.0
8514,0.0
8515,0.0
8516,0.0
8517,0.0
8518,0.0
8600,0.0
8601,0.0
8602,0.0
8603,0.0
8604,0.0
8605,0.0
8606,0.0
8607,0.002
8608,0.0
8609,0.0
8610,0.0
8611,0.0
8612,0.0
8613,0.0
8614,0.0
8615,0.0
8616,0.0
8617,0.0
8618,0.0
8700,0.256
8701,0.244
8702,0.212
8703,0.012
8704,0.008
8705,0.042
8706,0.05
8707,0.02
8708,0.056
8709,0.114
8710,0.044
8711,0.018
8712,0.004
8713,0.0
8714,0.102
8715,0.0
8716,0.004
8717,0.0
8718,0.004
8900,0.008
8901,0.008
8902,0.012
8903,0.012
8904,0.004
8905,0.01
8906,0.006
8907,0.01
8908,0.446
8909,0.028
8910,0.286
8911,0.016
8912,0.012
8913,0.002
8914,0.028
8915,0.004
8916,0.0
8917,0.0
8918,0.002
9000,0.21
9001,0.11
9002,0.146
9003,0.016
9004,0.008
9005,0.074
9006,0.074
9007,0.07
9008,0.272
9009,0.106
9010,0.134
9011,0.018
9012,0.008
9013,0.006
9014,0.192
9015,0.02
9016,0.0
9017,0.002
9018,0.008
9200,0.0
9201,0.0
9202,0.0
9203,0.0
9204,0.0
9205,0.0
9206,0.0
9207,0.0
9208,0.0
9209,0.0
9210,0.0
9211,0.0
9212,0.0
9213,0.0
9214,0.0
9215,0.0
9216,0.0
9217,0.0
9218,0.0
9500,0.004
9501,0.012
9502,0.016
9503,0.004
9504,0.132
9505,0.018
9506,0.092
9507,0.032
9508,0.126
9509,0.084
9510,0.17
9511,0.0
9512,0.338
9513,0.32
9514,0.282
9515,0.064
9516,0.054
9517,0.008
9518,0.012
9800,0.0
9801,0.0
9802,0.0
9803,0.0
9804,0.0
9805,0.0
9806,0.0
9807,0.0
9808,0.0
9809,0.0
9810,0.0
9811,0.0
9812,0.0
9813,0.0
9814,0.0
9815,0.0
9816,0.0
9817,0.0
9818,0.0
9900,0.0
9901,0.0
9902,0.0
9903,0.0
9904,0.004
9905,0.0
9906,0.0
9907,0.002
9908,0.0
9909,0.0
9910,0.0
9911,0.0
9912,0.002
9913,0.0
9914,0.0
9915,0.0
9916,0.0
9917,0.0
9918,0.0
10100,0.012
10101,0.02
10102,0.032
10103,0.022
10104,0.078
10105,0.008
10106,0.11
10107,0.064
10108,0.062
10109,0.058
10110,0.104
10111,0.002
10112,0.068
10113,0.04
10114,0.062
10115,0.094
10116,0.018
10117,0.022
10118,0.032
10400,0.0
10401,0.0
10402,0.0
10403,0.0
10404,0.0
10405,0.0
10406,0.002
10407,0.0
10408,0.0
10409,0.0
10410,0.0
10411,0.0
10412,0.0
10413,0.0
10414,0.0
10415,0.0
10416,0.0
10417,0.0
10418,0.002
10500,0.0
10501,0.0
10502,0.0
10503,0.002
10504,0.0
10505,0.0
10506,0.002
10507,0.0
10508,0.0
10509,0.006
10510,0.0
10511,0.0
10512,0.0
10513,0.0
10514,0.0
10515,0.0
10516,0.0
10517,0.0
10518,0.0
10600,0.018
10601,0.142
10602,0.314
10603,0.316
10604,0.024
10605,0.124
10606,0.066
10607,0.39
10608,0.27
10609,0.04
10610,0.178
10611,0.044
10612,0.044
10613,0.002
10614,0.042
10615,0.018
10616,0.002
10617,0.022
10618,0.01
10700,0.016
10701,0.13
10702,0.328
10703,0.366
10704,0.0
10705,0.12
10706,0.024
10707,0.378
10708,0.24
10709,0.022
10710,0.114
10711,0.018
10712,0.028
10713,0.002
10714,0.032
10715,0.006
10716,0.0
10717,0.008
10718,0.008
10900,0.0
10901,0.0
10902,0.0
10903,0.0
10904,0.0
10905,0.0
10906,0.002
10907,0.0
10908,0.0
10909,0.0
10910,0.0
10911,0.0
10912,0.0
10913,0.0
10914,0.0
10915,0.0
10916,0.0
10917,0.0
10918,0.0
11200,0.0
11201,0.0
11202,0.002
11203,0.008
11204,0.0
11205,0.002
11206,0.002
11207,0.004
11208,0.004
11209,0.006
11210,0.004
11211,0.004
11212,0.002
11213,0.0
11214,0.0
11215,0.0
11216,0.0
11217,0.0
11218,0.0
11300,0.058
11301,0.19
11302,0.358
11303,0.034
11304,0.05
11305,0.086
11306,0.056
11307,0.122
11308,0.506
11309,0.124
11310,0.362
11311,0.07
11312,0.08
11313,0.008
11314,0.214
11315,0.044
11316,0.006
11317,0.01
11318,0.004
11700,0.024
11701,0.462
11702,0.306
11703,0.01
11704,0.042
11705,0.03
11706,0.1
11707,0.1
11708,0.24
11709,0.062
11710,0.19
11711,0.116
11712,0.116
11713,0.008
11714,0.11
11715,0.028
11716,0.006
11717,0.01
11718,0.004
11900,0.006
11901,0.032
11902,0.024
11903,0.014
11904,0.0
11905,0.0
11906,0.024
11907,0.08
11908,0.032
11909,0.012
11910,0.006
11911,0.012
11912,0.0
11913,0.0
11914,0.016
11915,0.0
11916,0.002
11917,0.0
11918,0.0
12100,0.002
12101,0.012
12102,0.158
12103,0.056
12104,0.02
12105,0.044
12106,0.05
12107,0.042
12108,0.484
12109,0.082
12110,0.404
12111,0.046
12112,0.006
12113,0.006
12114,0.084
12115,0.042
12116,0.0
12117,0.0
12118,0.008
12400,0.014
12401,0.052
12402,0.072
12403,0.022
12404,0.018
12405,0.016
12406,0.048
12407,0.082
12408,0.49
12409,0.06
12410,0.098
12411,0.11
12412,0.01
12413,0.0
12414,0.016
12415,0.006
12416,0.002
12417,0.002
12418,0.012
12700,0.0
12701,0.002
12702,0.002
12703,0.0
12704,0.0
12705,0.0
12706,0.0
12707,0.0
12708,0.0
12709,0.0
12710,0.022
12711,0.0
12712,0.0
12713,0.0
12714,0.0
12715,0.0
12716,0.0
12717,0.0
12718,0.0
12900,0.044
12901,0.054
12902,0.05
12903,0.002
12904,0.02
12905,0.078
12906,0.128
12907,0.014
12908,0.118
12909,0.43
12910,0.286
12911,0.012
12912,0.118
12913,0.008
12914,0.116
12915,0.006
12916,0.012
12917,0.014
12918,0.016
13000,0.012
13001,0.032
13002,0.036
13003,0.014
13004,0.036
13005,0.172
13006,0.4
13007,0.046
13008,0.094
13009,0.08
13010,0.558
13011,0.02
13012,0.088
13013,0.01
13014,0.076
13015,0.038
13016,0.006
13017,0.03
13018,0.012
13400,0.0
13401,0.0
13402,0.0
13403,0.0
13404,0.0
13405,0.0
13406,0.002
13407,0.0
13408,0.0
13409,0.006
13410,0.0
13411,0.0
13412,0.0
13413,0.0
13414,0.0
13415,0.0
13416,0.0
13417,0.0
13418,0.0
13500,0.002
13501,0.024
13502,0.012
13503,0.002
13504,0.018
13505,0.034
13506,0.094
13507,0.018
13508,0.098
13509,0.336
13510,0.172
13511,0.002
13512,0.136
13513,0.002
13514,0.07
13515,0.006
13516,0.022
13517,0.014
13518,0.05
13600,0.002
13601,0.0
13602,0.0
13603,0.0
13604,0.0
13605,0.0
13606,0.008
13607,0.0
13608,0.0
13609,0.0
13610,0.0
13611,0.0
13612,0.0
13613,0.0
13614,0.0
13615,0.0
13616,0.004
13617,0.0
13618,0.0
13700,0.0
13701,0.0
13702,0.0
13703,0.0
13704,0.0
13705,0.002
13706,0.002
13707,0.0
13708,0.0
13709,0.004
13710,0.0
13711,0.0
13712,0.002
13713,0.0
13714,0.0
13715,0.0
13716,0.0
13717,0.0
13718,0.0
13900,0.0
13901,0.014
13902,0.016
13903,0.01
13904,0.004
13905,0.018
13906,0.092
13907,0.016
13908,0.016
13909,0.04
13910,0.2
13911,0.004
13912,0.022
13913,0.008
13914,0.02
13915,0.012
13916,0.0
13917,0.156
13918,0.012
14300,0.0
14301,0.0
14302,0.0
14303,0.0
14304,0.0
14305,0.0
14306,0.0
14307,0.0
14308,0.0
14309,0.086
14310,0.0
14311,0.0
14312,0.012
14313,0.0
14314,0.0
14315,0.0
14316,0.0
14317,0.0
14318,0.0
14400,0.016
14401,0.02
14402,0.334
14403,0.046
14404,0.022
14405,0.036
14406,0.054
14407,0.12
14408,0.538
14409,0.05
14410,0.49
14411,0.008
14412,0.012
14413,0.004
14414,0.51
14415,0.19
14416,0.0
14417,0.0
14418,0.004
15400,0.002
15401,0.018
15402,0.08
15403,0.01
15404,0.598
15405,0.048
15406,0.052
15407,0.02
15408,0.74
15409,0.048
15410,0.712
15411,0.012
15412,0.066
15413,0.004
15414,0.302
15415,0.236
15416,0.0
15417,0.0
15418,0.006
15600,0.0
15601,0.0
15602,0.0
15603,0.0
15604,0.0
15605,0.0
15606,0.0
15607,0.0
15608,0.002
15609,0.0
15610,0.0
15611,0.0
15612,0.0
15613,0.0
15614,0.0
15615,0.0
15616,0.0
15617,0.0
15618,0.0
15700,0.0
15701,0.0
15702,0.0
15703,0.002
15704,0.0
15705,0.0
15706,0.0
15707,0.0
15708,0.0
15709,0.0
15710,0.0
15711,0.0
15712,0.0
15713,0.0
15714,0.0
15715,0.0
15716,0.0
15717,0.0
15718,0.0
15800,0.0
15801,0.0
15802,0.0
15803,0.0
15804,0.0
15805,0.0
15806,0.0
15807,0.0
15808,0.0
15809,0.0
15810,0.0
15811,0.0
15812,0.0
15813,0.0
15814,0.0
15815,0.0
15816,0.002
15817,0.0
15818,0.0
15900,0.0
15901,0.0
15902,0.0
15903,0.0
15904,0.0
15905,0.0
15906,0.0
15907,0.0
15908,0.002
15909,0.0
15910,0.0
15911,0.0
15912,0.0
15913,0.0
15914,0.0
15915,0.0
15916,0.0
15917,0.0
15918,0.0
16100,0.01
16101,0.054
16102,0.062
16103,0.004
16104,0.508
16105,0.026
16106,0.066
16107,0.044
16108,0.474
16109,0.044
16110,0.394
16111,0.04
16112,0.096
16113,0.006
16114,0.146
16115,0.368
16116,0.014
16117,0.01
16118,0.036
16200,0.0
16201,0.0
16202,0.0
16203,0.0
16204,0.0
16205,0.0
16206,0.0
16207,0.0
16208,0.002
16209,0.0
16210,0.0
16211,0.0
16212,0.0
16213,0.0
16214,0.0
16215,0.0
16216,0.0
16217,0.0
16218,0.0
16300,0.002
16301,0.11
16302,0.074
16303,0.002
16304,0.028
16305,0.002
16306,0.002
16307,0.014
16308,0.016
16309,0.046
16310,0.108
16311,0.22
16312,0.03
16313,0.002
16314,0.006
16315,0.028
16316,0.024
16317,0.072
16318,0.048
16400,0.0
16401,0.006
16402,0.0
16403,0.0
16404,0.008
16405,0.0
16406,0.002
16407,0.004
16408,0.002
16409,0.0
16410,0.018
16411,0.544
16412,0.014
16413,0.0
16414,0.0
16415,0.0
16416,0.0
16417,0.0
16418,0.0
16500,0.002
16501,0.708
16502,0.134
16503,0.002
16504,0.028
16505,0.02
16506,0.014
16507,0.05
16508,0.024
16509,0.036
16510,0.304
16511,0.692
16512,0.162
16513,0.004
16514,0.006
16515,0.072
16516,0.004
16517,0.062
16518,0.022
16600,0.004
16601,0.19
16602,0.064
16603,0.0
16604,0.052
16605,0.008
16606,0.018
16607,0.046
16608,0.026
16609,0.068
16610,0.262
16611,0.162
16612,0.114
16613,0.0
16614,0.022
16615,0.03
16616,0.006
16617,0.046
16618,0.102
17000,0.0
17001,0.0
17002,0.0
17003,0.0
17004,0.0
17005,0.0
17006,0.0
17007,0.0
17008,0.0
17009,0.0
17010,0.0
17011,0.034
17012,0.0
17013,0.0
17014,0.0
17015,0.0
17016,0.0
17017,0.026
17018,0.0
17100,0.0
17101,0.0
17102,0.0
17103,0.0
17104,0.0
17105,0.0
17106,0.0
17107,0.0
17108,0.0
17109,0.0
17110,0.002
17111,0.002
17112,0.0
17113,0.0
17114,0.0
17115,0.0
17116,0.0
17117,0.002
17118,0.0
17200,0.0
17201,0.002
17202,0.0
17203,0.0
17204,0.0
17205,0.0
17206,0.006
17207,0.0
17208,0.002
17209,0.004
17210,0.012
17211,0.008
17212,0.006
17213,0.0
17214,0.0
17215,0.0
17216,0.0
17217,0.002
17218,0.01
17300,0.006
17301,0.06
17302,0.028
17303,0.0
17304,0.014
17305,0.002
17306,0.002
17307,0.016
17308,0.004
17309,0.026
17310,0.022
17311,0.374
17312,0.004
17313,0.0
17314,0.0
17315,0.002
17316,0.018
17317,0.0
17318,0.018
17400,0.014
17401,0.17
17402,0.058
17403,0.002
17404,0.042
17405,0.002
17406,0.002
17407,0.04
17408,0.006
17409,0.01
17410,0.288
17411,0.15
17412,0.158
17413,0.0
17414,0.002
17415,0.012
17416,0.002
17417,0.016
17418,0.028
17600,0.006
17601,0.388
17602,0.074
17603,0.002
17604,0.02
17605,0.02
17606,0.012
17607,0.078
17608,0.034
17609,0.04
17610,0.49
17611,0.202
17612,0.126
17613,0.008
17614,0.006
17615,0.288
17616,0.0
17617,0.2
17618,0.074
17700,0.0
17701,0.0
17702,0.0
17703,0.0
17704,0.0
17705,0.0
17706,0.0
17707,0.0
17708,0.0
17709,0.0
17710,0.018
17711,0.006
17712,0.008
17713,0.0
17714,0.0
17715,0.0
17716,0.0
17717,0.002
17718,0.002
17900,0.0
17901,0.014
17902,0.0
17903,0.0
17904,0.0
17905,0.0
17906,0.0
17907,0.002
17908,0.0
17909,0.0
17910,0.032
17911,0.0
17912,0.002
17913,0.0
17914,0.0
17915,0.0
17916,0.0
17917,0.0
17918,0.006
18000,0.0
18001,0.0
18002,0.0
18003,0.0
18004,0.0
18005,0.0
18006,0.0
18007,0.006
18008,0.0
18009,0.0
18010,0.002
18011,0.0
18012,0.0
18013,0.0
18014,0.0
18015,0.0
18016,0.0
18017,0.0
18018,0.0
18100,0.012
18101,0.75
18102,0.096
18103,0.002
18104,0.044
18105,0.014
18106,0.002
18107,0.056
18108,0.04
18109,0.03
18110,0.302
18111,0.074
18112,0.052
18113,0.0
18114,0.016
18115,0.008
18116,0.0
18117,0.016
18118,0.004
18200,0.018
18201,0.61
18202,0.284
18203,0.004
18204,0.046
18205,0.006
18206,0.014
18207,0.044
18208,0.022
18209,0.022
18210,0.194
18211,0.06
18212,0.032
18213,0.002
18214,0.016
18215,0.006
18216,0.004
18217,0.012
18218,0.0
18400,0.002
18401,0.29
18402,0.016
18403,0.002
18404,0.038
18405,0.004
18406,0.006
18407,0.034
18408,0.022
18409,0.052
18410,0.232
18411,0.02
18412,0.022
18413,0.0
18414,0.006
18415,0.002
18416,0.034
18417,0.006
18418,0.024
18500,0.0
18501,0.012
18502,0.0
18503,0.0
18504,0.0
18505,0.0
18506,0.0
18507,0.002
18508,0.0
18509,0.0
18510,0.03
18511,0.0
18512,0.002
18513,0.0
18514,0.0
18515,0.0
18516,0.0
18517,0.0
18518,0.004
18700,0.038
18701,0.822
18702,0.084
18703,0.002
18704,0.016
18705,0.01
18706,0.014
18707,0.042
18708,0.04
18709,0.02
18710,0.17
18711,0.05
18712,0.03
18713,0.0
18714,0.02
18715,0.002
18716,0.002
18717,0.002
18718,0.0
18800,0.004
18801,0.386
18802,0.02
18803,0.004
18804,0.004
18805,0.0
18806,0.028
18807,0.028
18808,0.016
18809,0.02
18810,0.548
18811,0.008
18812,0.032
18813,0.0
18814,0.002
18815,0.0
18816,0.014
18817,0.0
18818,0.032
19100,0.004
19101,0.154
19102,0.034
19103,0.006
19104,0.04
19105,0.012
19106,0.02
19107,0.196
19108,0.024
19109,0.084
19110,0.736
19111,0.016
19112,0.12
19113,0.008
19114,0.018
19115,0.038
19116,0.002
19117,0.018
19118,0.382
19500,0.0
19501,0.018
19502,0.0
19503,0.0
19504,0.002
19505,0.0
19506,0.006
19507,0.02
19508,0.0
19509,0.018
19510,0.362
19511,0.0
19512,0.004
19513,0.0
19514,0.0
19515,0.0
19516,0.0
19517,0.0
19518,0.116
19600,0.008
19601,0.37
19602,0.08
19603,0.004
19604,0.104
19605,0.002
19606,0.016
19607,0.162
19608,0.008
19609,0.026
19610,0.256
19611,0.084
19612,0.026
19613,0.004
19614,0.012
19615,0.004
19616,0.022
19617,0.05
19618,0.084
19700,0.004
19701,0.17
19702,0.034
19703,0.014
19704,0.078
19705,0.0
19706,0.01
19707,0.162
19708,0.024
19709,0.05
19710,0.52
19711,0.014
19712,0.03
19713,0.002
19714,0.02
19715,0.002
19716,0.006
19717,0.032
19718,0.102
19800,0.016
19801,0.322
19802,0.062
19803,0.01
19804,0.076
19805,0.002
19806,0.014
19807,0.198
19808,0.014
19809,0.038
19810,0.382
19811,0.018
19812,0.016
19813,0.004
19814,0.012
19815,0.01
19816,0.006
19817,0.108
19818,0.096
20700,0.0
20701,0.0
20702,0.0
20703,0.0
20704,0.0
20705,0.0
20706,0.0
20707,0.0
20708,0.0
20709,0.0
20710,0.002
20711,0.0
20712,0.0
20713,0.0
20714,0.0
20715,0.0
20716,0.008
20717,0.0
20718,0.002
20800,0.006
20801,0.022
20802,0.018
20803,0.006
20804,0.058
20805,0.014
20806,0.122
20807,0.112
20808,0.046
20809,0.222
20810,0.446
20811,0.006
20812,0.212
20813,0.068
20814,0.06
20815,0.01
20816,0.032
20817,0.018
20818,0.45
20900,0.028
20901,0.05
20902,0.044
20903,0.002
20904,0.042
20905,0.0
20906,0.084
20907,0.194
20908,0.016
20909,0.042
20910,0.138
20911,0.02
20912,0.034
20913,0.01
20914,0.018
20915,0.01
20916,0.044
20917,0.012
20918,0.106
21100,0.0
21101,0.0
21102,0.0
21103,0.0
21104,0.0
21105,0.0
21106,0.0
21107,0.004
21108,0.0
21109,0.0
21110,0.002
21111,0.0
21112,0.0
21113,0.0
21114,0.0
21115,0.0
21116,0.006
21117,0.002
21118,0.004
21200,0.022
21201,0.02
21202,0.034
21203,0.014
21204,0.008
21205,0.012
21206,0.068
21207,0.048
21208,0.02
21209,0.116
21210,0.09
21211,0.002
21212,0.012
21213,0.004
21214,0.108
21215,0.034
21216,0.002
21217,0.054
21218,0.012
21400,0.34
21401,0.11
21402,0.1
21403,0.004
21404,0.026
21405,0.024
21406,0.052
21407,0.044
21408,0.072
21409,0.456
21410,0.122
21411,0.016
21412,0.026
21413,0.012
21414,0.11
21415,0.012
21416,0.024
21417,0.008
21418,0.008
21800,0.008
21801,0.0
21802,0.0
21803,0.0
21804,0.0
21805,0.0
21806,0.002
21807,0.0
21808,0.0
21809,0.002
21810,0.01
21811,0.0
21812,0.0
21813,0.0
21814,0.0
21815,0.0
21816,0.0
21817,0.0
21818,0.0
22000,0.0
22001,0.0
22002,0.0
22003,0.0
22004,0.0
22005,0.0
22006,0.0
22007,0.002
22008,0.0
22009,0.002
22010,0.012
22011,0.0
22012,0.0
22013,0.0
22014,0.0
22015,0.0
22016,0.0
22017,0.0
22018,0.0
22300,0.078
22301,0.044
22302,0.048
22303,0.016
22304,0.042
22305,0.046
22306,0.124
22307,0.088
22308,0.086
22309,0.378
22310,0.256
22311,0.014
22312,0.042
22313,0.04
22314,0.146
22315,0.058
22316,0.026
22317,0.022
22318,0.02
22400,0.0
22401,0.0
22402,0.0
22403,0.0
22404,0.0
22405,0.0
22406,0.356
22407,0.0
22408,0.01
22409,0.004
22410,0.05
22411,0.002
22412,0.002
22413,0.0
22414,0.002
22415,0.0
22416,0.0
22417,0.0
22418,0.004
22500,0.0
22501,0.0
22502,0.0
22503,0.0
22504,0.0
22505,0.0
22506,0.002
22507,0.004
22508,0.0
22509,0.0
22510,0.008
22511,0.0
22512,0.0
22513,0.0
22514,0.0
22515,0.0
22516,0.0
22517,0.0
22518,0.0
22600,0.0
22601,0.004
22602,0.0
22603,0.0
22604,0.0
22605,0.0
22606,0.154
22607,0.022
22608,0.04
22609,0.014
22610,0.112
22611,0.0
22612,0.0
22613,0.0
22614,0.016
22615,0.0
22616,0.01
22617,0.008
22618,0.002
22900,0.006
22901,0.9
22902,0.094
22903,0.002
22904,0.002
22905,0.016
22906,0.01
22907,0.358
22908,0.098
22909,0.028
22910,0.136
22911,0.044
22912,0.668
22913,0.002
22914,0.01
22915,0.018
22916,0.004
22917,0.016
22918,0.002
23000,0.044
23001,0.526
23002,0.236
23003,0.006
23004,0.012
23005,0.044
23006,0.048
23007,0.128
23008,0.138
23009,0.068
23010,0.13
23011,0.07
23012,0.206
23013,0.0
23014,0.034
23015,0.008
23016,0.006
23017,0.022
23018,0.01
23200,0.024
23201,0.384
23202,0.126
23203,0.026
23204,0.018
23205,0.042
23206,0.034
23207,0.154
23208,0.114
23209,0.04
23210,0.15
23211,0.098
23212,0.186
23213,0.002
23214,0.048
23215,0.01
23216,0.002
23217,0.046
23218,0.026
23300,0.026
23301,0.112
23302,0.082
23303,0.04
23304,0.006
23305,0.024
23306,0.046
23307,0.104
23308,0.036
23309,0.052
23310,0.126
23311,0.02
23312,0.02
23313,0.0
23314,0.008
23315,0.008
23316,0.004
23317,0.0
23318,0.004
23600,0.0
23601,0.0
23602,0.0
23603,0.0
23604,0.0
23605,0.0
23606,0.0
23607,0.0
23608,0.0
23609,0.0
23610,0.0
23611,0.0
23612,0.0
23613,0.0
23614,0.0
23615,0.0
23616,0.0
23617,0.0
23618,0.0
23700,0.224
23701,0.156
23702,0.2
23703,0.034
23704,0.018
23705,0.06
23706,0.06
23707,0.112
23708,0.272
23709,0.154
23710,0.066
23711,0.036
23712,0.008
23713,0.0
23714,0.08
23715,0.014
23716,0.0
23717,0.002
23718,0.006
23800,0.328
23801,0.234
23802,0.24
23803,0.024
23804,0.01
23805,0.144
23806,0.098
23807,0.106
23808,0.152
23809,0.096
23810,0.064
23811,0.016
23812,0.008
23813,0.006
23814,0.134
23815,0.018
23816,0.006
23817,0.012
23818,0.004
23900,0.0
23901,0.0
23902,0.0
23903,0.0
23904,0.0
23905,0.0
23906,0.0
23907,0.0
23908,0.0
23909,0.0
23910,0.0
23911,0.0
23912,0.0
23913,0.0
23914,0.0
23915,0.0
23916,0.0
23917,0.0
23918,0.0
24100,0.0
24101,0.0
24102,0.0
24103,0.0
24104,0.0
24105,0.0
24106,0.0
24107,0.002
24108,0.0
24109,0.0
24110,0.002
24111,0.0
24112,0.0
24113,0.0
24114,0.0
24115,0.0
24116,0.0
24117,0.0
24118,0.0
24200,0.016
24201,0.138
24202,0.03
24203,0.004
24204,0.01
24205,0.0
24206,0.03
24207,0.06
24208,0.024
24209,0.024
24210,0.014
24211,0.006
24212,0.006
24213,0.0
24214,0.022
24215,0.0
24216,0.0
24217,0.0
24218,0.0
24400,0.314
24401,0.314
24402,0.25
24403,0.018
24404,0.024
24405,0.1
24406,0.118
24407,0.088
24408,0.142
24409,0.098
24410,0.114
24411,0.024
24412,0.01
24413,0.0
24414,0.15
24415,0.012
24416,0.008
24417,0.006
24418,0.01
24500,0.11
24501,0.572
24502,0.18
24503,0.002
24504,0.016
24505,0.02
24506,0.114
24507,0.048
24508,0.066
24509,0.12
24510,0.072
24511,0.048
24512,0.042
24513,0.012
24514,0.26
24515,0.008
24516,0.008
24517,0.002
24518,0.006
24600,0.192
24601,0.504
24602,0.17
24603,0.002
24604,0.012
24605,0.038
24606,0.082
24607,0.078
24608,0.134
24609,0.118
24610,0.08
24611,0.05
24612,0.032
24613,0.014
24614,0.12
24615,0.028
24616,0.026
24617,0.016
24618,0.01
24700,0.046
24701,0.02
24702,0.042
24703,0.008
24704,0.002
24705,0.016
24706,0.168
24707,0.02
24708,0.056
24709,0.018
24710,0.11
24711,0.006
24712,0.014
24713,0.0
24714,0.03
24715,0.004
24716,0.0
24717,0.0
24718,0.018
25300,0.002
25301,0.012
25302,0.006
25303,0.0
25304,0.094
25305,0.016
25306,0.13
25307,0.042
25308,0.088
25309,0.068
25310,0.168
25311,0.008
25312,0.354
25313,0.382
25314,0.288
25315,0.076
25316,0.04
25317,0.002
25318,0.012
25400,0.0
25401,0.066
25402,0.034
25403,0.002
25404,0.184
25405,0.016
25406,0.126
25407,0.15
25408,0.034
25409,0.182
25410,0.184
25411,0.012
25412,0.132
25413,0.136
25414,0.092
25415,0.358
25416,0.134
25417,0.006
25418,0.03
25800,0.016
25801,0.01
25802,0.028
25803,0.0
25804,0.086
25805,0.068
25806,0.49
25807,0.042
25808,0.084
25809,0.298
25810,0.236
25811,0.006
25812,0.12
25813,0.046
25814,0.07
25815,0.116
25816,0.048
25817,0.002
25818,0.014
26000,0.01
26001,0.012
26002,0.034
26003,0.002
26004,0.052
26005,0.024
26006,0.06
26007,0.044
26008,0.056
26009,0.076
26010,0.346
26011,0.002
26012,0.112
26013,0.644
26014,0.59
26015,0.058
26016,0.088
26017,0.01
26018,0.02
26100,0.022
26101,0.028
26102,0.028
26103,0.004
26104,0.074
26105,0.014
26106,0.168
26107,0.02
26108,0.06
26109,0.564
26110,0.208
26111,0.014
26112,0.016
26113,0.028
26114,0.032
26115,0.02
26116,0.052
26117,0.0
26118,0.008
26200,0.0
26201,0.0
26202,0.0
26203,0.0
26204,0.0
26205,0.0
26206,0.002
26207,0.0
26208,0.0
26209,0.0
26210,0.0
26211,0.0
26212,0.0
26213,0.0
26214,0.0
26215,0.0
26216,0.0
26217,0.0
26218,0.0
26300,0.0
26301,0.0
26302,0.0
26303,0.0
26304,0.0
26305,0.0
26306,0.002
26307,0.0
26308,0.0
26309,0.0
26310,0.0
26311,0.0
26312,0.0
26313,0.0
26314,0.0
26315,0.0
26316,0.0
26317,0.0
26318,0.0
26400,0.032
26401,0.152
26402,0.34
26403,0.32
26404,0.008
26405,0.124
26406,0.042
26407,0.36
26408,0.232
26409,0.046
26410,0.186
26411,0.014
26412,0.03
26413,0.004
26414,0.058
26415,0.03
26416,0.0
26417,0.016
26418,0.014
26600,0.0
26601,0.0
26602,0.0
26603,0.004
26604,0.0
26605,0.0
26606,0.002
26607,0.0
26608,0.0
26609,0.004
26610,0.0
26611,0.0
26612,0.0
26613,0.0
26614,0.0
26615,0.0
26616,0.0
26617,0.0
26618,0.0
26700,0.03
26701,0.114
26702,0.118
26703,0.08
26704,0.016
26705,0.06
26706,0.114
26707,0.1
26708,0.212
26709,0.09
26710,0.186
26711,0.018
26712,0.04
26713,0.004
26714,0.104
26715,0.018
26716,0.0
26717,0.004
26718,0.026
26800,0.056
26801,0.45
26802,0.45
26803,0.134
26804,0.004
26805,0.104
26806,0.072
26807,0.226
26808,0.61
26809,0.098
26810,0.114
26811,0.042
26812,0.042
26813,0.0
26814,0.068
26815,0.012
26816,0.004
26817,0.01
26818,0.0
26900,0.014
26901,0.188
26902,0.106
26903,0.048
26904,0.008
26905,0.004
26906,0.138
26907,0.118
26908,0.072
26909,0.1
26910,0.032
26911,0.01
26912,0.002
26913,0.0
26914,0.016
26915,0.0
26916,0.012
26917,0.0
26918,0.0
27000,0.0
27001,0.002
27002,0.0
27003,0.0
27004,0.0
27005,0.0
27006,0.002
27007,0.018
27008,0.0
27009,0.0
27010,0.0
27011,0.0
27012,0.0
27013,0.0
27014,0.002
27015,0.0
27016,0.0
27017,0.0
27018,0.0
27300,0.066
27301,0.106
27302,0.302
27303,0.07
27304,0.02
27305,0.05
27306,0.044
27307,0.18
27308,0.406
27309,0.044
27310,0.388
27311,0.068
27312,0.02
27313,0.01
27314,0.252
27315,0.03
27316,0.004
27317,0.016
27318,0.002
27400,0.018
27401,0.054
27402,0.136
27403,0.01
27404,0.006
27405,0.02
27406,0.006
27407,0.044
27408,0.81
27409,0.064
27410,0.136
27411,0.57
27412,0.01
27413,0.0
27414,0.06
27415,0.006
27416,0.002
27417,0.006
27418,0.01
27500,0.044
27501,0.286
27502,0.302
27503,0.024
27504,0.026
27505,0.024
27506,0.062
27507,0.092
27508,0.356
27509,0.052
27510,0.176
27511,0.204
27512,0.044
27513,0.006
27514,0.102
27515,0.014
27516,0.008
27517,0.004
27518,0.002
27900,0.044
27901,0.132
27902,0.338
27903,0.072
27904,0.028
27905,0.064
27906,0.024
27907,0.128
27908,0.572
27909,0.06
27910,0.346
27911,0.14
27912,0.05
27913,0.006
27914,0.208
27915,0.042
27916,0.002
27917,0.012
27918,0.006
28000,0.022
28001,0.086
28002,0.292
28003,0.232
28004,0.01
28005,0.064
28006,0.04
28007,0.254
28008,0.242
28009,0.038
28010,0.256
28011,0.044
28012,0.01
28013,0.0
28014,0.064
28015,0.012
28016,0.002
28017,0.02
28018,0.004
28100,0.006
28101,0.038
28102,0.116
28103,0.054
28104,0.016
28105,0.016
28106,0.032
28107,0.084
28108,0.596
28109,0.062
28110,0.16
28111,0.12
28112,0.008
28113,0.002
28114,0.072
28115,0.01
28116,0.0
28117,0.0
28118,0.014
28300,0.0
28301,0.0
28302,0.0
28303,0.0
28304,0.0
28305,0.0
28306,0.0
28307,0.0
28308,0.0
28309,0.0
28310,0.0
28311,0.0
28312,0.0
28313,0.0
28314,0.0
28315,0.0
28316,0.0
28317,0.0
28318,0.0
28400,0.0
28401,0.0
28402,0.0
28403,0.0
28404,0.0
28405,0.0
28406,0.0
28407,0.0
28408,0.0
28409,0.0
28410,0.0
28411,0.0
28412,0.0
28413,0.0
28414,0.0
28415,0.0
28416,0.0
28417,0.0
28418,0.0
29000,0.016
29001,0.02
29002,0.038
29003,0.002
29004,0.018
29005,0.24
29006,0.38
29007,0.016
29008,0.092
29009,0.186
29010,0.32
29011,0.008
29012,0.132
29013,0.002
29014,0.066
29015,0.01
29016,0.01
29017,0.008
29018,0.1
29100,0.0
29101,0.0
29102,0.0
29103,0.0
29104,0.0
29105,0.002
29106,0.002
29107,0.0
29108,0.0
29109,0.002
29110,0.0
29111,0.0
29112,0.002
29113,0.0
29114,0.0
29115,0.0
29116,0.0
29117,0.0
29118,0.0
29300,0.0
29301,0.0
29302,0.0
29303,0.0
29304,0.0
29305,0.0
29306,0.0
29307,0.0
29308,0.0
29309,0.008
29310,0.0
29311,0.0
29312,0.002
29313,0.0
29314,0.0
29315,0.0
29316,0.0
29317,0.0
29318,0.0
29600,0.006
29601,0.02
29602,0.024
29603,0.018
29604,0.006
29605,0.01
29606,0.054
29607,0.02
29608,0.024
29609,0.07
29610,0.194
29611,0.016
29612,0.036
29613,0.008
29614,0.054
29615,0.004
29616,0.006
29617,0.056
29618,0.006
29700,0.002
29701,0.002
29702,0.02
29703,0.0
29704,0.06
29705,0.424
29706,0.466
29707,0.022
29708,0.146
29709,0.066
29710,0.65
29711,0.0
29712,0.294
29713,0.038
29714,0.202
29715,0.034
29716,0.01
29717,0.004
29718,0.052
29800,0.002
29801,0.006
29802,0.002
29803,0.0
29804,0.0
29805,0.0
29806,0.006
29807,0.002
29808,0.002
29809,0.564
29810,0.01
29811,0.0
29812,0.0
29813,0.0
29814,0.0
29815,0.0
29816,0.002
29817,0.0
29818,0.006
29900,0.002
29901,0.0
29902,0.002
29903,0.0
29904,0.0
29905,0.0
29906,0.006
29907,0.016
29908,0.0
29909,0.006
29910,0.004
29911,0.0
29912,0.048
29913,0.0
29914,0.008
29915,0.0
29916,0.002
29917,0.0
29918,0.0
30000,0.002
30001,0.0
30002,0.002
30003,0.0
30004,0.0
30005,0.0
30006,0.006
30007,0.008
30008,0.0
30009,0.006
30010,0.004
30011,0.0
30012,0.048
30013,0.0
30014,0.006
30015,0.0
30016,0.002
30017,0.0
30018,0.0
30100,0.02
30101,0.034
30102,0.428
30103,0.02
30104,0.082
30105,0.104
30106,0.056
30107,0.058
30108,0.654
30109,0.064
30110,0.644
30111,0.008
30112,0.064
30113,0.034
30114,0.628
30115,0.29
30116,0.004
30117,0.002
30118,0.006
30300,0.0
30301,0.0
30302,0.0
30303,0.0
30304,0.0
30305,0.0
30306,0.0
30307,0.0
30308,0.0
30309,0.0
30310,0.002
30311,0.0
30312,0.0
30313,0.0
30314,0.0
30315,0.0
30316,0.0
30317,0.0
30318,0.0
30400,0.068
30401,0.084
30402,0.114
30403,0.02
30404,0.022
30405,0.018
30406,0.014
30407,0.182
30408,0.058
30409,0.116
30410,0.032
30411,0.004
30412,0.002
30413,0.0
30414,0.108
30415,0.002
30416,0.002
30417,0.002
30418,0.0
30700,0.052
30701,0.008
30702,0.19
30703,0.034
30704,0.026
30705,0.066
30706,0.074
30707,0.08
30708,0.738
30709,0.042
30710,0.706
30711,0.012
30712,0.012
30713,0.0
30714,0.666
30715,0.06
30716,0.0
30717,0.002
30718,0.002
30800,0.038
30801,0.278
30802,0.372
30803,0.008
30804,0.03
30805,0.084
30806,0.176
30807,0.068
30808,0.304
30809,0.23
30810,0.17
30811,0.052
30812,0.04
30813,0.008
30814,0.122
30815,0.044
30816,0.012
30817,0.006
30818,0.004
31100,0.006
31101,0.012
31102,0.07
31103,0.012
31104,0.594
31105,0.07
31106,0.06
31107,0.012
31108,0.626
31109,0.032
31110,0.6
31111,0.01
31112,0.076
31113,0.016
31114,0.292
31115,0.288
31116,0.002
31117,0.0
31118,0.012
31200,0.004
31201,0.008
31202,0.004
31203,0.006
31204,0.07
31205,0.006
31206,0.126
31207,0.008
31208,0.162
31209,0.016
31210,0.092
31211,0.0
31212,0.014
31213,0.0
31214,0.066
31215,0.042
31216,0.004
31217,0.012
31218,0.022
31600,0.0
31601,0.0
31602,0.0
31603,0.012
31604,0.006
31605,0.0
31606,0.034
31607,0.004
31608,0.038
31609,0.0
31610,0.018
31611,0.002
31612,0.002
31613,0.0
31614,0.002
31615,0.006
31616,0.0
31617,0.0
31618,0.004
31700,0.006
31701,0.016
31702,0.05
31703,0.002
31704,0.694
31705,0.03
31706,0.048
31707,0.04
31708,0.764
31709,0.028
31710,0.796
31711,0.008
31712,0.03
31713,0.032
31714,0.432
31715,0.174
31716,0.006
31717,0.002
31718,0.008
31800,0.024
31801,0.072
31802,0.13
31803,0.018
31804,0.312
31805,0.046
31806,0.022
31807,0.054
31808,0.376
31809,0.098
31810,0.358
31811,0.01
31812,0.028
31813,0.008
31814,0.166
31815,0.268
31816,0.006
31817,0.008
31818,0.008
31900,0.0
31901,0.0
31902,0.0
31903,0.0
31904,0.0
31905,0.0
31906,0.0
31907,0.0
31908,0.0
31909,0.0
31910,0.0
31911,0.0
31912,0.0
31913,0.0
31914,0.0
31915,0.0
31916,0.0
31917,0.0
31918,0.0
32000,0.0
32001,0.0
32002,0.0
32003,0.0
32004,0.0
32005,0.0
32006,0.0
32007,0.0
32008,0.0
32009,0.0
32010,0.0
32011,0.0
32012,0.0
32013,0.0
32014,0.0
32015,0.0
32016,0.0
32017,0.004
32018,0.0
32100,0.0
32101,0.0
32102,0.0
32103,0.0
32104,0.0
32105,0.0
32106,0.0
32107,0.0
32108,0.0
32109,0.0
32110,0.0
32111,0.004
32112,0.0
32113,0.0
32114,0.0
32115,0.0
32116,0.0
32117,0.058
32118,0.0
32800,0.0
32801,0.0
32802,0.0
32803,0.0
32804,0.0
32805,0.0
32806,0.0
32807,0.0
32808,0.0
32809,0.0
32810,0.0
32811,0.002
32812,0.0
32813,0.0
32814,0.0
32815,0.0
32816,0.0
32817,0.1
32818,0.0
33000,0.0
33001,0.0
33002,0.0
33003,0.0
33004,0.0
33005,0.0
33006,0.0
33007,0.0
33008,0.0
33009,0.0
33010,0.002
33011,0.004
33012,0.0
33013,0.0
33014,0.0
33015,0.0
33016,0.0
33017,0.002
33018,0.0
33100,0.0
33101,0.0
33102,0.0
33103,0.0
33104,0.0
33105,0.0
33106,0.0
33107,0.0
33108,0.0
33109,0.0
33110,0.002
33111,0.002
33112,0.0
33113,0.0
33114,0.0
33115,0.0
33116,0.0
33117,0.002
33118,0.0
33500,0.0
33501,0.0
33502,0.0
33503,0.0
33504,0.0
33505,0.0
33506,0.0
33507,0.0
33508,0.0
33509,0.0
33510,0.004
33511,0.002
33512,0.0
33513,0.0
33514,0.0
33515,0.0
33516,0.0
33517,0.004
33518,0.0
33700,0.0
33701,0.002
33702,0.004
33703,0.0
33704,0.0
33705,0.0
33706,0.002
33707,0.026
33708,0.0
33709,0.0
33710,0.0
33711,0.0
33712,0.0
33713,0.0
33714,0.0
33715,0.0
33716,0.0
33717,0.002
33718,0.0
33800,0.0
33801,0.012
33802,0.0
33803,0.0
33804,0.0
33805,0.0
33806,0.0
33807,0.002
33808,0.0
33809,0.002
33810,0.018
33811,0.002
33812,0.0
33813,0.0
33814,0.0
33815,0.0
33816,0.0
33817,0.0
33818,0.0
33900,0.026
33901,0.752
33902,0.126
33903,0.008
33904,0.036
33905,0.024
33906,0.02
33907,0.108
33908,0.044
33909,0.032
33910,0.388
33911,0.044
33912,0.062
33913,0.002
33914,0.016
33915,0.012
33916,0.002
33917,0.016
33918,0.01
34000,0.042
34001,0.53
34002,0.282
34003,0.004
34004,0.04
34005,0.014
34006,0.012
34007,0.05
34008,0.016
34009,0.034
34010,0.208
34011,0.074
34012,0.018
34013,0.0
34014,0.024
34015,0.006
34016,0.002
34017,0.016
34018,0.008
34200,0.038
34201,0.726
34202,0.128
34203,0.0
34204,0.024
34205,0.026
34206,0.012
34207,0.088
34208,0.068
34209,0.056
34210,0.272
34211,0.078
34212,0.068
34213,0.004
34214,0.014
34215,0.014
34216,0.01
34217,0.022
34218,0.03
34300,0.0
34301,0.012
34302,0.0
34303,0.0
34304,0.0
34305,0.0
34306,0.0
34307,0.002
34308,0.0
34309,0.0
34310,0.03
34311,0.0
34312,0.002
34313,0.0
34314,0.0
34315,0.0
34316,0.0
34317,0.0
34318,0.004
34400,0.02
34401,0.568
34402,0.074
34403,0.002
34404,0.022
34405,0.002
34406,0.01
34407,0.064
34408,0.022
34409,0.03
34410,0.21
34411,0.036
34412,0.02
34413,0.0
34414,0.01
34415,0.0
34416,0.002
34417,0.004
34418,0.018
34500,0.014
34501,0.22
34502,0.122
34503,0.004
34504,0.03
34505,0.0
34506,0.01
34507,0.042
34508,0.002
34509,0.004
34510,0.074
34511,0.028
34512,0.012
34513,0.0
34514,0.02
34515,0.002
34516,0.006
34517,0.002
34518,0.0
34600,0.02
34601,0.278
34602,0.094
34603,0.004
34604,0.01
34605,0.0
34606,0.006
34607,0.058
34608,0.006
34609,0.038
34610,0.08
34611,0.044
34612,0.0
34613,0.0
34614,0.006
34615,0.004
34616,0.018
34617,0.002
34618,0.006
34800,0.014
34801,0.812
34802,0.096
34803,0.002
34804,0.01
34805,0.01
34806,0.022
34807,0.07
34808,0.032
34809,0.034
34810,0.206
34811,0.042
34812,0.056
34813,0.002
34814,0.016
34815,0.008
34816,0.004
34817,0.044
34818,0.004
35000,0.006
35001,0.108
35002,0.022
35003,0.0
35004,0.074
35005,0.0
35006,0.02
35007,0.206
35008,0.008
35009,0.088
35010,0.398
35011,0.018
35012,0.046
35013,0.0
35014,0.002
35015,0.0
35016,0.008
35017,0.01
35018,0.404
35200,0.014
35201,0.33
35202,0.17
35203,0.006
35204,0.106
35205,0.004
35206,0.022
35207,0.158
35208,0.022
35209,0.036
35210,0.286
35211,0.08
35212,0.02
35213,0.0
35214,0.016
35215,0.004
35216,0.028
35217,0.068
35218,0.056
35300,0.0
35301,0.008
35302,0.002
35303,0.0
35304,0.016
35305,0.0
35306,0.016
35307,0.04
35308,0.006
35309,0.016
35310,0.454
35311,0.004
35312,0.012
35313,0.0
35314,0.004
35315,0.0
35316,0.022
35317,0.046
35318,0.276
35500,0.0
35501,0.024
35502,0.002
35503,0.0
35504,0.018
35505,0.0
35506,0.036
35507,0.072
35508,0.012
35509,0.032
35510,0.38
35511,0.006
35512,0.056
35513,0.002
35514,0.004
35515,0.0
35516,0.006
35517,0.008
35518,0.484
35600,0.002
35601,0.036
35602,0.016
35603,0.002
35604,0.024
35605,0.0
35606,0.008
35607,0.044
35608,0.0
35609,0.006
35610,0.498
35611,0.006
35612,0.002
35613,0.0
35614,0.002
35615,0.0
35616,0.0
35617,0.0
35618,0.2
35700,0.0
35701,0.028
35702,0.002
35703,0.002
35704,0.012
35705,0.002
35706,0.018
35707,0.098
35708,0.016
35709,0.05
35710,0.618
35711,0.006
35712,0.066
35713,0.0
35714,0.004
35715,0.0
35716,0.0
35717,0.006
35718,0.29
35900,0.004
35901,0.058
35902,0.016
35903,0.002
35904,0.046
35905,0.004
35906,0.01
35907,0.192
35908,0.024
35909,0.122
35910,0.614
35911,0.008
35912,0.292
35913,0.004
35914,0.006
35915,0.02
35916,0.008
35917,0.02
35918,0.63
36000,0.006
36001,0.154
36002,0.036
36003,0.006
36004,0.066
36005,0.002
36006,0.016
36007,0.202
36008,0.022
36009,0.052
36010,0.388
36011,0.014
36012,0.112
36013,0.008
36014,0.012
36015,0.008
36016,0.024
36017,0.084
36018,0.412
36100,0.0
36101,0.0
36102,0.0
36103,0.0
36104,0.002
36105,0.0
36106,0.0
36107,0.004
36108,0.0
36109,0.004
36110,0.348
36111,0.0
36112,0.0
36113,0.0
36114,0.0
36115,0.0
36116,0.0
36117,0.002
36118,0.034
36600,0.0
36601,0.022
36602,0.032
36603,0.0
36604,0.048
36605,0.038
36606,0.13
36607,0.048
36608,0.034
36609,0.342
36610,0.624
36611,0.004
36612,0.194
36613,0.134
36614,0.018
36615,0.028
36616,0.02
36617,0.016
36618,0.656
37200,0.004
37201,0.036
37202,0.054
37203,0.002
37204,0.07
37205,0.006
37206,0.298
37207,0.052
37208,0.01
37209,0.188
37210,0.312
37211,0.01
37212,0.154
37213,0.026
37214,0.016
37215,0.026
37216,0.048
37217,0.058
37218,0.29
37400,0.034
37401,0.036
37402,0.02
37403,0.014
37404,0.024
37405,0.006
37406,0.244
37407,0.118
37408,0.058
37409,0.154
37410,0.23
37411,0.0
37412,0.016
37413,0.01
37414,0.044
37415,0.002
37416,0.006
37417,0.01
37418,0.004
37500,0.012
37501,0.02
37502,0.022
37503,0.016
37504,0.002
37505,0.006
37506,0.034
37507,0.034
37508,0.014
37509,0.104
37510,0.054
37511,0.002
37512,0.012
37513,0.006
37514,0.142
37515,0.018
37516,0.0
37517,0.046
37518,0.008
37600,0.358
37601,0.07
37602,0.078
37603,0.0
37604,0.022
37605,0.042
37606,0.08
37607,0.044
37608,0.092
37609,0.5
37610,0.088
37611,0.018
37612,0.01
37613,0.006
37614,0.044
37615,0.026
37616,0.026
37617,0.002
37618,0.01
37700,0.068
37701,0.066
37702,0.022
37703,0.012
37704,0.026
37705,0.022
37706,0.174
37707,0.044
37708,0.162
37709,0.23
37710,0.108
37711,0.018
37712,0.006
37713,0.008
37714,0.034
37715,0.022
37716,0.01
37717,0.008
37718,0.024
38100,0.0
38101,0.0
38102,0.0
38103,0.0
38104,0.0
38105,0.0
38106,0.01
38107,0.0
38108,0.0
38109,0.0
38110,0.06
38111,0.0
38112,0.0
38113,0.0
38114,0.0
38115,0.0
38116,0.0
38117,0.0
38118,0.0
38200,0.0
38201,0.0
38202,0.0
38203,0.0
38204,0.0
38205,0.0
38206,0.0
38207,0.0
38208,0.0
38209,0.0
38210,0.034
38211,0.0
38212,0.0
38213,0.0
38214,0.0
38215,0.0
38216,0.0
38217,0.0
38218,0.0
38300,0.0
38301,0.0
38302,0.002
38303,0.002
38304,0.002
38305,0.0
38306,0.094
38307,0.07
38308,0.026
38309,0.02
38310,0.13
38311,0.0
38312,0.02
38313,0.0
38314,0.0
38315,0.0
38316,0.0
38317,0.0
38318,0.004
38400,0.0
38401,0.0
38402,0.0
38403,0.0
38404,0.0
38405,0.0
38406,0.006
38407,0.0
38408,0.0
38409,0.0
38410,0.196
38411,0.0
38412,0.0
38413,0.0
38414,0.0
38415,0.0
38416,0.0
38417,0.0
38418,0.0
38600,0.0
38601,0.0
38602,0.0
38603,0.0
38604,0.0
38605,0.0
38606,0.01
38607,0.0
38608,0.0
38609,0.0
38610,0.06
38611,0.0
38612,0.0
38613,0.0
38614,0.0
38615,0.0
38616,0.0
38617,0.0
38618,0.0
38800,0.0
38801,0.0
38802,0.0
38803,0.0
38804,0.0
38805,0.0
38806,0.0
38807,0.0
38808,0.0
38809,0.002
38810,0.012
38811,0.0
38812,0.0
38813,0.0
38814,0.0
38815,0.0
38816,0.0
38817,0.0
38818,0.0
39100,0.024
39101,0.314
39102,0.11
39103,0.008
39104,0.026
39105,0.062
39106,0.048
39107,0.054
39108,0.124
39109,0.14
39110,0.106
39111,0.046
39112,0.042
39113,0.0
39114,0.042
39115,0.008
39116,0.028
39117,0.008
39118,0.032
39200,0.024
39201,0.822
39202,0.18
39203,0.008
39204,0.012
39205,0.052
39206,0.016
39207,0.318
39208,0.116
39209,0.084
39210,0.158
39211,0.088
39212,0.536
39213,0.012
39214,0.008
39215,0.024
39216,0.0
39217,0.028
39218,0.016
39300,0.038
39301,0.476
39302,0.156
39303,0.004
39304,0.016
39305,0.018
39306,0.026
39307,0.124
39308,0.114
39309,0.058
39310,0.12
39311,0.086
39312,0.166
39313,0.002
39314,0.026
39315,0.006
39316,0.016
39317,0.014
39318,0.008
39400,0.032
39401,0.776
39402,0.242
39403,0.0
39404,0.016
39405,0.068
39406,0.026
39407,0.224
39408,0.124
39409,0.128
39410,0.168
39411,0.096
39412,0.316
39413,0.002
39414,0.02
39415,0.016
39416,0.012
39417,0.02
39418,0.004
39600,0.016
39601,0.146
39602,0.038
39603,0.016
39604,0.016
39605,0.006
39606,0.034
39607,0.058
39608,0.032
39609,0.034
39610,0.088
39611,0.016
39612,0.008
39613,0.0
39614,0.02
39615,0.004
39616,0.002
39617,0.002
39618,0.006
39700,0.018
39701,0.108
39702,0.07
39703,0.046
39704,0.004
39705,0.026
39706,0.018
39707,0.078
39708,0.04
39709,0.026
39710,0.094
39711,0.004
39712,0.01
39713,0.0
39714,0.002
39715,0.004
39716,0.0
39717,0.004
39718,0.006
39900,0.006
39901,0.014
39902,0.008
39903,0.0
39904,0.0
39905,0.0
39906,0.088
39907,0.004
39908,0.078
39909,0.0
39910,0.022
39911,0.002
39912,0.0
39913,0.0
39914,0.044
39915,0.0
39916,0.0
39917,0.014
39918,0.0
40000,0.374
40001,0.236
40002,0.33
40003,0.004
40004,0.002
40005,0.088
40006,0.098
40007,0.032
40008,0.086
40009,0.06
40010,0.068
40011,0.012
40012,0.01
40013,0.002
40014,0.158
40015,0.004
40016,0.01
40017,0.0
40018,0.006
40200,0.0
40201,0.002
40202,0.0
40203,0.008
40204,0.0
40205,0.0
40206,0.008
40207,0.006
40208,0.05
40209,0.004
40210,0.224
40211,0.0
40212,0.006
40213,0.0
40214,0.0
40215,0.0
40216,0.0
40217,0.0
40218,0.0
40500,0.006
40501,0.048
40502,0.008
40503,0.004
40504,0.004
40505,0.0
40506,0.014
40507,0.002
40508,0.0
40509,0.0
40510,0.006
40511,0.0
40512,0.0
40513,0.0
40514,0.046
40515,0.0
40516,0.0
40517,0.0
40518,0.0
40600,0.0
40601,0.0
40602,0.0
40603,0.0
40604,0.0
40605,0.0
40606,0.0
40607,0.0
40608,0.0
40609,0.0
40610,0.0
40611,0.0
40612,0.0
40613,0.0
40614,0.0
40615,0.0
40616,0.0
40617,0.0
40618,0.0
41800,0.014
41801,0.026
41802,0.014
41803,0.0
41804,0.066
41805,0.012
41806,0.206
41807,0.044
41808,0.066
41809,0.154
41810,0.16
41811,0.01
41812,0.156
41813,0.118
41814,0.15
41815,0.098
41816,0.136
41817,0.01
41818,0.02
42000,0.0
42001,0.0
42002,0.0
42003,0.0
42004,0.002
42005,0.0
42006,0.0
42007,0.0
42008,0.0
42009,0.0
42010,0.0
42011,0.0
42012,0.002
42013,0.0
42014,0.0
42015,0.0
42016,0.0
42017,0.0
42018,0.0
42700,0.0
42701,0.0
42702,0.0
42703,0.0
42704,0.0
42705,0.0
42706,0.002
42707,0.0
42708,0.0
42709,0.0
42710,0.0
42711,0.0
42712,0.0
42713,0.0
42714,0.0
42715,0.0
42716,0.0
42717,0.0
42718,0.0
42900,0.02
42901,0.484
42902,0.32
42903,0.264
42904,0.012
42905,0.148
42906,0.042
42907,0.356
42908,0.34
42909,0.034
42910,0.128
42911,0.012
42912,0.104
42913,0.014
42914,0.084
42915,0.022
42916,0.01
42917,0.022
42918,0.014
43600,0.006
43601,0.036
43602,0.292
43603,0.024
43604,0.07
43605,0.066
43606,0.06
43607,0.058
43608,0.544
43609,0.08
43610,0.614
43611,0.078
43612,0.024
43613,0.008
43614,0.11
43615,0.05
43616,0.002
43617,0.01
43618,0.01
44200,0.0
44201,0.008
44202,0.03
44203,0.22
44204,0.004
44205,0.016
44206,0.008
44207,0.054
44208,0.312
44209,0.07
44210,0.088
44211,0.008
44212,0.01
44213,0.0
44214,0.026
44215,0.006
44216,0.0
44217,0.0
44218,0.0
44500,0.014
44501,0.058
44502,0.268
44503,0.232
44504,0.006
44505,0.046
44506,0.008
44507,0.186
44508,0.212
44509,0.026
44510,0.198
44511,0.03
44512,0.008
44513,0.0
44514,0.052
44515,0.014
44516,0.002
44517,0.022
44518,0.008
44700,0.0
44701,0.0
44702,0.006
44703,0.01
44704,0.0
44705,0.0
44706,0.0
44707,0.036
44708,0.002
44709,0.0
44710,0.0
44711,0.0
44712,0.0
44713,0.0
44714,0.0
44715,0.0
44716,0.0
44717,0.0
44718,0.0
44900,0.156
44901,0.076
44902,0.064
44903,0.008
44904,0.002
44905,0.008
44906,0.018
44907,0.012
44908,0.084
44909,0.008
44910,0.064
44911,0.004
44912,0.002
44913,0.002
44914,0.066
44915,0.0
44916,0.0
44917,0.0
44918,0.008
45200,0.004
45201,0.01
45202,0.018
45203,0.01
45204,0.012
45205,0.084
45206,0.286
45207,0.022
45208,0.036
45209,0.084
45210,0.318
45211,0.008
45212,0.052
45213,0.008
45214,0.048
45215,0.018
45216,0.004
45217,0.084
45218,0.026
45300,0.004
45301,0.016
45302,0.016
45303,0.012
45304,0.006
45305,0.028
45306,0.11
45307,0.032
45308,0.04
45309,0.042
45310,0.232
45311,0.016
45312,0.036
45313,0.002
45314,0.062
45315,0.024
45316,0.002
45317,0.086
45318,0.024
45500,0.006
45501,0.034
45502,0.022
45503,0.0
45504,0.004
45505,0.044
45506,0.096
45507,0.0
45508,0.032
45509,0.476
45510,0.202
45511,0.002
45512,0.068
45513,0.0
45514,0.07
45515,0.002
45516,0.012
45517,0.006
45518,0.036
45600,0.0
45601,0.0
45602,0.0
45603,0.0
45604,0.0
45605,0.0
45606,0.0
45607,0.0
45608,0.0
45609,0.058
45610,0.0
45611,0.0
45612,0.002
45613,0.0
45614,0.0
45615,0.0
45616,0.0
45617,0.0
45618,0.0
46100,0.002
46101,0.01
46102,0.02
46103,0.0
46104,0.076
46105,0.232
46106,0.35
46107,0.036
46108,0.232
46109,0.088
46110,0.67
46111,0.002
46112,0.286
46113,0.066
46114,0.254
46115,0.036
46116,0.004
46117,0.002
46118,0.04
46300,0.0
46301,0.0
46302,0.0
46303,0.0
46304,0.0
46305,0.0
46306,0.0
46307,0.0
46308,0.0
46309,0.014
46310,0.0
46311,0.0
46312,0.082
46313,0.0
46314,0.0
46315,0.0
46316,0.0
46317,0.0
46318,0.0
46500,0.024
46501,0.026
46502,0.464
46503,0.03
46504,0.038
46505,0.078
46506,0.06
46507,0.09
46508,0.674
46509,0.088
46510,0.658
46511,0.014
46512,0.02
46513,0.004
46514,0.586
46515,0.256
46516,0.0
46517,0.008
46518,0.006
46900,0.002
46901,0.014
46902,0.018
46903,0.0
46904,0.0
46905,0.008
46906,0.002
46907,0.01
46908,0.014
46909,0.27
46910,0.006
46911,0.0
46912,0.0
46913,0.0
46914,0.0
46915,0.0
46916,0.008
46917,0.0
46918,0.0
47000,0.036
47001,0.126
47002,0.578
47003,0.014
47004,0.054
47005,0.054
47006,0.26
47007,0.134
47008,0.584
47009,0.122
47010,0.306
47011,0.024
47012,0.036
47013,0.018
47014,0.26
47015,0.114
47016,0.008
47017,0.008
47018,0.008
47100,0.058
47101,0.012
47102,0.296
47103,0.014
47104,0.038
47105,0.078
47106,0.034
47107,0.048
47108,0.678
47109,0.064
47110,0.662
47111,0.002
47112,0.036
47113,0.02
47114,0.638
47115,0.17
47116,0.002
47117,0.0
47118,0.006
47200,0.048
47201,0.134
47202,0.44
47203,0.026
47204,0.034
47205,0.108
47206,0.126
47207,0.124
47208,0.406
47209,0.114
47210,0.28
47211,0.054
47212,0.022
47213,0.0
47214,0.256
47215,0.07
47216,0.006
47217,0.006
47218,0.002
47300,0.0
47301,0.0
47302,0.0
47303,0.0
47304,0.0
47305,0.0
47306,0.002
47307,0.0
47308,0.0
47309,0.002
47310,0.0
47311,0.0
47312,0.0
47313,0.0
47314,0.0
47315,0.0
47316,0.0
47317,0.0
47318,0.0
47600,0.006
47601,0.024
47602,0.05
47603,0.002
47604,0.166
47605,0.026
47606,0.094
47607,0.004
47608,0.278
47609,0.054
47610,0.212
47611,0.004
47612,0.01
47613,0.002
47614,0.098
47615,0.126
47616,0.002
47617,0.004
47618,0.026
47700,0.0
47701,0.0
47702,0.0
47703,0.0
47704,0.0
47705,0.0
47706,0.0
47707,0.0
47708,0.0
47709,0.0
47710,0.0
47711,0.0
47712,0.0
47713,0.0
47714,0.0
47715,0.0
47716,0.0
47717,0.0
47718,0.0
47800,0.0
47801,0.0
47802,0.0
47803,0.0
47804,0.0
47805,0.0
47806,0.0
47807,0.0
47808,0.0
47809,0.0
47810,0.0
47811,0.0
47812,0.0
47813,0.0
47814,0.0
47815,0.0
47816,0.0
47817,0.002
47818,0.0
47900,0.0
47901,0.0
47902,0.0
47903,0.0
47904,0.0
47905,0.0
47906,0.0
47907,0.0
47908,0.002
47909,0.0
47910,0.0
47911,0.0
47912,0.0
47913,0.0
47914,0.0
47915,0.0
47916,0.0
47917,0.0
47918,0.0
48200,0.006
48201,0.036
48202,0.042
48203,0.014
48204,0.176
48205,0.024
48206,0.072
48207,0.024
48208,0.504
48209,0.096
48210,0.17
48211,0.01
48212,0.008
48213,0.0
48214,0.05
48215,0.136
48216,0.008
48217,0.002
48218,0.06
48600,0.014
48601,0.126
48602,0.114
48603,0.004
48604,0.08
48605,0.004
48606,0.0
48607,0.032
48608,0.004
48609,0.028
48610,0.106
48611,0.342
48612,0.022
48613,0.0
48614,0.002
48615,0.01
48616,0.004
48617,0.002
48618,0.008
48700,0.002
48701,0.688
48702,0.1
48703,0.006
48704,0.03
48705,0.002
48706,0.022
48707,0.054
48708,0.02
48709,0.016
48710,0.306
48711,0.646
48712,0.104
48713,0.002
48714,0.01
48715,0.05
48716,0.006
48717,0.058
48718,0.02
49100,0.002
49101,0.056
49102,0.02
49103,0.0
49104,0.018
49105,0.01
49106,0.03
49107,0.024
49108,0.024
49109,0.028
49110,0.422
49111,0.048
49112,0.1
49113,0.0
49114,0.022
49115,0.034
49116,0.004
49117,0.126
49118,0.174
49200,0.0
49201,0.008
49202,0.0
49203,0.0
49204,0.0
49205,0.004
49206,0.014
49207,0.0
49208,0.008
49209,0.008
49210,0.1
49211,0.044
49212,0.048
49213,0.0
49214,0.004
49215,0.002
49216,0.0
49217,0.036
49218,0.058
49600,0.014
49601,0.304
49602,0.082
49603,0.002
49604,0.056
49605,0.002
49606,0.002
49607,0.07
49608,0.028
49609,0.022
49610,0.466
49611,0.096
49612,0.158
49613,0.008
49614,0.04
49615,0.032
49616,0.012
49617,0.02
49618,0.058
49700,0.01
49701,0.656
49702,0.298
49703,0.0
49704,0.056
49705,0.008
49706,0.044
49707,0.072
49708,0.026
49709,0.042
49710,0.38
49711,0.502
49712,0.09
49713,0.002
49714,0.008
49715,0.044
49716,0.004
49717,0.066
49718,0.016
49900,0.0
49901,0.0
49902,0.0
49903,0.0
49904,0.0
49905,0.0
49906,0.0
49907,0.0
49908,0.0
49909,0.0
49910,0.004
49911,0.002
49912,0.0
49913,0.0
49914,0.0
49915,0.0
49916,0.0
49917,0.004
49918,0.0
50100,0.0
50101,0.014
50102,0.0
50103,0.0
50104,0.0
50105,0.0
50106,0.0
50107,0.002
50108,0.0
50109,0.0
50110,0.032
50111,0.0
50112,0.002
50113,0.0
50114,0.0
50115,0.0
50116,0.0
50117,0.0
50118,0.006
50300,0.002
50301,0.432
50302,0.026
50303,0.004
50304,0.018
50305,0.002
50306,0.006
50307,0.048
50308,0.02
50309,0.04
50310,0.382
50311,0.044
50312,0.028
50313,0.0
50314,0.002
50315,0.004
50316,0.014
50317,0.004
50318,0.006
50400,0.024
50401,0.616
50402,0.16
50403,0.004
50404,0.024
50405,0.004
50406,0.022
50407,0.066
50408,0.034
50409,0.026
50410,0.188
50411,0.058
50412,0.026
50413,0.0
50414,0.02
50415,0.004
50416,0.002
50417,0.01
50418,0.012
50600,0.008
50601,0.774
50602,0.088
50603,0.002
50604,0.016
50605,0.014
50606,0.024
50607,0.124
50608,0.056
50609,0.044
50610,0.308
50611,0.066
50612,0.09
50613,0.012
50614,0.028
50615,0.03
50616,0.01
50617,0.036
50618,0.026
50800,0.024
50801,0.774
50802,0.106
50803,0.0
50804,0.028
50805,0.008
50806,0.01
50807,0.07
50808,0.018
50809,0.03
50810,0.3
50811,0.026
50812,0.044
50813,0.0
50814,0.02
50815,0.002
50816,0.002
50817,0.004
50818,0.01
50900,0.024
50901,0.298
50902,0.108
50903,0.012
50904,0.032
50905,0.024
50906,0.012
50907,0.096
50908,0.058
50909,0.02
50910,0.546
50911,0.014
50912,0.036
50913,0.0
50914,0.042
50915,0.004
50916,0.004
50917,0.002
50918,0.006
51000,0.012
51001,0.072
51002,0.032
51003,0.004
51004,0.008
51005,0.0
51006,0.008
51007,0.016
51008,0.002
51009,0.0
51010,0.056
51011,0.022
51012,0.006
51013,0.0
51014,0.0
51015,0.0
51016,0.002
51017,0.0
51018,0.004
51200,0.022
51201,0.768
51202,0.136
51203,0.0
51204,0.022
51205,0.01
51206,0.01
51207,0.076
51208,0.028
51209,0.026
51210,0.21
51211,0.04
51212,0.058
51213,0.0
51214,0.026
51215,0.006
51216,0.008
51217,0.016
51218,0.004
51600,0.03
51601,0.502
51602,0.128
51603,0.0
51604,0.046
51605,0.014
51606,0.028
51607,0.15
51608,0.024
51609,0.062
51610,0.276
51611,0.092
51612,0.086
51613,0.01
51614,0.03
51615,0.024
51616,0.022
51617,0.088
51618,0.098
51800,0.0
51801,0.004
51802,0.0
51803,0.0
51804,0.002
51805,0.002
51806,0.004
51807,0.006
51808,0.0
51809,0.006
51810,0.354
51811,0.0
51812,0.004
51813,0.0
51814,0.0
51815,0.0
51816,0.0
51817,0.0
51818,0.036
52000,0.014
52001,0.244
52002,0.062
52003,0.014
52004,0.168
52005,0.002
52006,0.006
52007,0.248
52008,0.012
52009,0.028
52010,0.374
52011,0.026
52012,0.022
52013,0.002
52014,0.01
52015,0.004
52016,0.01
52017,0.086
52018,0.066
52100,0.002
52101,0.252
52102,0.026
52103,0.006
52104,0.102
52105,0.0
52106,0.012
52107,0.19
52108,0.03
52109,0.062
52110,0.356
52111,0.02
52112,0.034
52113,0.0
52114,0.006
52115,0.0
52116,0.018
52117,0.034
52118,0.146
52500,0.002
52501,0.034
52502,0.046
52503,0.0
52504,0.03
52505,0.002
52506,0.358
52507,0.042
52508,0.012
52509,0.076
52510,0.28
52511,0.014
52512,0.094
52513,0.006
52514,0.012
52515,0.032
52516,0.022
52517,0.026
52518,0.12
52600,0.004
52601,0.056
52602,0.164
52603,0.0
52604,0.508
52605,0.002
52606,0.698
52607,0.338
52608,0.01
52609,0.396
52610,0.7
52611,0.014
52612,0.078
52613,0.01
52614,0.004
52615,0.012
52616,0.016
52617,0.03
52618,0.062
52700,0.0
52701,0.0
52702,0.0
52703,0.0
52704,0.0
52705,0.0
52706,0.0
52707,0.0
52708,0.0
52709,0.0
52710,0.002
52711,0.0
52712,0.0
52713,0.0
52714,0.0
52715,0.0
52716,0.006
52717,0.002
52718,0.006
53200,0.008
53201,0.046
53202,0.062
53203,0.008
53204,0.192
53205,0.014
53206,0.438
53207,0.112
53208,0.02
53209,0.298
53210,0.502
53211,0.016
53212,0.136
53213,0.104
53214,0.032
53215,0.03
53216,0.026
53217,0.018
53218,0.302
53300,0.01
53301,0.048
53302,0.024
53303,0.0
53304,0.022
53305,0.006
53306,0.074
53307,0.128
53308,0.038
53309,0.084
53310,0.152
53311,0.02
53312,0.034
53313,0.01
53314,0.026
53315,0.006
53316,0.074
53317,0.002
53318,0.128
53400,0.004
53401,0.01
53402,0.098
53403,0.0
53404,0.084
53405,0.0
53406,0.378
53407,0.074
53408,0.01
53409,0.104
53410,0.362
53411,0.0
53412,0.08
53413,0.004
53414,0.006
53415,0.02
53416,0.016
53417,0.034
53418,0.246
53600,0.03
53601,0.054
53602,0.042
53603,0.022
53604,0.014
53605,0.008
53606,0.18
53607,0.072
53608,0.06
53609,0.16
53610,0.178
53611,0.002
53612,0.012
53613,0.004
53614,0.052
53615,0.02
53616,0.006
53617,0.012
53618,0.01
53900,0.088
53901,0.064
53902,0.058
53903,0.006
53904,0.012
53905,0.018
53906,0.176
53907,0.026
53908,0.136
53909,0.406
53910,0.116
53911,0.01
53912,0.026
53913,0.002
53914,0.024
53915,0.01
53916,0.024
53917,0.0
53918,0.022
54100,0.0
54101,0.002
54102,0.0
54103,0.008
54104,0.004
54105,0.01
54106,0.596
54107,0.11
54108,0.034
54109,0.024
54110,0.414
54111,0.0
54112,0.042
54113,0.0
54114,0.004
54115,0.0
54116,0.0
54117,0.0
54118,0.002
54200,0.0
54201,0.0
54202,0.0
54203,0.0
54204,0.0
54205,0.0
54206,0.0
54207,0.0
54208,0.0
54209,0.0
54210,0.086
54211,0.0
54212,0.0
54213,0.0
54214,0.0
54215,0.0
54216,0.0
54217,0.0
54218,0.0
54300,0.002
54301,0.0
54302,0.002
54303,0.0
54304,0.0
54305,0.0
54306,0.008
54307,0.0
54308,0.0
54309,0.004
54310,0.024
54311,0.006
54312,0.0
54313,0.0
54314,0.0
54315,0.0
54316,0.0
54317,0.0
54318,0.0
54400,0.002
54401,0.012
54402,0.006
54403,0.004
54404,0.004
54405,0.006
54406,0.428
54407,0.122
54408,0.044
54409,0.022
54410,0.328
54411,0.0
54412,0.07
54413,0.0
54414,0.002
54415,0.002
54416,0.0
54417,0.0
54418,0.016
54600,0.076
54601,0.098
54602,0.074
54603,0.012
54604,0.054
54605,0.032
54606,0.076
54607,0.102
54608,0.088
54609,0.402
54610,0.194
54611,0.018
54612,0.048
54613,0.052
54614,0.214
54615,0.044
54616,0.07
54617,0.018
54618,0.02
55000,0.0
55001,0.0
55002,0.0
55003,0.0
55004,0.0
55005,0.0
55006,0.0
55007,0.02
55008,0.0
55009,0.0
55010,0.006
55011,0.0
55012,0.0
55013,0.0
55014,0.0
55015,0.0
55016,0.0
55017,0.0
55018,0.0
55200,0.066
55201,0.458
55202,0.25
55203,0.026
55204,0.03
55205,0.142
55206,0.046
55207,0.094
55208,0.14
55209,0.25
55210,0.184
55211,0.044
55212,0.08
55213,0.0
55214,0.054
55215,0.01
55216,0.006
55217,0.002
55218,0.022
55400,0.038
55401,0.774
55402,0.164
55403,0.008
55404,0.004
55405,0.068
55406,0.042
55407,0.124
55408,0.186
55409,0.08
55410,0.21
55411,0.072
55412,0.23
55413,0.004
55414,0.04
55415,0.01
55416,0.01
55417,0.016
55418,0.006
55500,0.018
55501,0.3
55502,0.118
55503,0.042
55504,0.014
55505,0.03
55506,0.034
55507,0.11
55508,0.112
55509,0.046
55510,0.142
55511,0.038
55512,0.098
55513,0.0
55514,0.02
55515,0.024
55516,0.008
55517,0.026
55518,0.004
55600,0.02
55601,0.42
55602,0.158
55603,0.04
55604,0.016
55605,0.052
55606,0.036
55607,0.152
55608,0.152
55609,0.074
55610,0.194
55611,0.114
55612,0.192
55613,0.006
55614,0.046
55615,0.012
55616,0.002
55617,0.048
55618,0.022
56200,0.2
56201,0.27
56202,0.194
56203,0.008
56204,0.004
56205,0.07
56206,0.062
56207,0.036
56208,0.114
56209,0.24
56210,0.056
56211,0.02
56212,0.01
56213,0.0
56214,0.132
56215,0.006
56216,0.002
56217,0.002
56218,0.004
56500,0.014
56501,0.032
56502,0.022
56503,0.004
56504,0.002
56505,0.002
56506,0.032
56507,0.014
56508,0.0
56509,0.004
56510,0.034
56511,0.002
56512,0.0
56513,0.0
56514,0.03
56515,0.0
56516,0.0
56517,0.0
56518,0.0
56700,0.0
56701,0.0
56702,0.0
56703,0.0
56704,0.0
56705,0.0
56706,0.0
56707,0.0
56708,0.0
56709,0.0
56710,0.0
56711,0.0
56712,0.0
56713,0.0
56714,0.0
56715,0.0
56716,0.0
56717,0.0
56718,0.0
56800,0.144
56801,0.452
56802,0.216
56803,0.014
56804,0.022
56805,0.088
56806,0.094
56807,0.092
56808,0.166
56809,0.138
56810,0.158
56811,0.02
56812,0.07
56813,0.02
56814,0.16
56815,0.026
56816,0.018
56817,0.008
56818,0.006
57000,0.064
57001,0.02
57002,0.048
57003,0.01
57004,0.01
57005,0.04
57006,0.088
57007,0.034
57008,0.466
57009,0.054
57010,0.25
57011,0.016
57012,0.034
57013,0.004
57014,0.052
57015,0.004
57016,0.0
57017,0.0
57018,0.016
57100,0.262
57101,0.076
57102,0.116
57103,0.004
57104,0.012
57105,0.056
57106,0.07
57107,0.034
57108,0.104
57109,0.012
57110,0.126
57111,0.004
57112,0.014
57113,0.002
57114,0.088
57115,0.004
57116,0.0
57117,0.0
57118,0.014
57200,0.0
57201,0.0
57202,0.0
57203,0.0
57204,0.0
57205,0.0
57206,0.0
57207,0.0
57208,0.0
57209,0.0
57210,0.08
57211,0.0
57212,0.0
57213,0.0
57214,0.0
57215,0.0
57216,0.0
57217,0.0
57218,0.002
57300,0.052
57301,0.226
57302,0.088
57303,0.016
57304,0.042
57305,0.006
57306,0.026
57307,0.066
57308,0.014
57309,0.03
57310,0.026
57311,0.014
57312,0.004
57313,0.0
57314,0.062
57315,0.0
57316,0.002
57317,0.0
57318,0.002
57500,0.0
57501,0.0
57502,0.0
57503,0.0
57504,0.0
57505,0.0
57506,0.0
57507,0.0
57508,0.0
57509,0.0
57510,0.0
57511,0.0
57512,0.0
57513,0.0
57514,0.0
57515,0.0
57516,0.0
57517,0.0
57518,0.002
57900,0.01
57901,0.016
57902,0.012
57903,0.0
57904,0.092
57905,0.018
57906,0.418
57907,0.05
57908,0.11
57909,0.114
57910,0.134
57911,0.004
57912,0.156
57913,0.074
57914,0.072
57915,0.046
57916,0.052
57917,0.008
57918,0.048
58000,0.0
58001,0.0
58002,0.0
58003,0.0
58004,0.006
58005,0.0
58006,0.0
58007,0.006
58008,0.0
58009,0.008
58010,0.018
58011,0.0
58012,0.002
58013,0.0
58014,0.0
58015,0.0
58016,0.0
58017,0.0
58018,0.004
58200,0.012
58201,0.014
58202,0.02
58203,0.0
58204,0.108
58205,0.062
58206,0.482
58207,0.046
58208,0.114
58209,0.326
58210,0.188
58211,0.004
58212,0.088
58213,0.02
58214,0.034
58215,0.1
58216,0.012
58217,0.002
58218,0.026
58300,0.016
58301,0.038
58302,0.046
58303,0.014
58304,0.214
58305,0.002
58306,0.046
58307,0.034
58308,0.036
58309,0.116
58310,0.078
58311,0.008
58312,0.048
58313,0.022
58314,0.032
58315,0.026
58316,0.022
58317,0.01
58318,0.002
58500,0.018
58501,0.036
58502,0.028
58503,0.0
58504,0.07
58505,0.024
58506,0.198
58507,0.026
58508,0.066
58509,0.488
58510,0.18
58511,0.004
58512,0.044
58513,0.024
58514,0.044
58515,0.052
58516,0.034
58517,0.0
58518,0.016
58900,0.036
58901,0.418
58902,0.316
58903,0.23
58904,0.01
58905,0.12
58906,0.034
58907,0.32
58908,0.262
58909,0.076
58910,0.184
58911,0.026
58912,0.072
58913,0.02
58914,0.048
58915,0.012
58916,0.002
58917,0.016
58918,0.008
59100,0.036
59101,0.278
59102,0.35
59103,0.096
59104,0.018
59105,0.078
59106,0.064
59107,0.152
59108,0.516
59109,0.238
59110,0.156
59111,0.056
59112,0.032
59113,0.0
59114,0.074
59115,0.024
59116,0.006
59117,0.002
59118,0.006
59200,0.044
59201,0.32
59202,0.368
59203,0.152
59204,0.008
59205,0.132
59206,0.062
59207,0.224
59208,0.652
59209,0.136
59210,0.142
59211,0.1
59212,0.038
59213,0.002
59214,0.094
59215,0.024
59216,0.0
59217,0.002
59218,0.006
59500,0.034
59501,0.102
59502,0.096
59503,0.022
59504,0.016
59505,0.018
59506,0.028
59507,0.052
59508,0.59
59509,0.134
59510,0.102
59511,0.188
59512,0.002
59513,0.002
59514,0.054
59515,0.014
59516,0.002
59517,0.002
59518,0.008
59600,0.028
59601,0.06
59602,0.304
59603,0.058
59604,0.056
59605,0.066
59606,0.052
59607,0.1
59608,0.454
59609,0.032
59610,0.6
59611,0.058
59612,0.032
59613,0.006
59614,0.154
59615,0.07
59616,0.006
59617,0.04
59618,0.018
59800,0.052
59801,0.24
59802,0.256
59803,0.018
59804,0.024
59805,0.04
59806,0.028
59807,0.076
59808,0.256
59809,0.1
59810,0.226
59811,0.116
59812,0.052
59813,0.008
59814,0.118
59815,0.022
59816,0.006
59817,0.002
59818,0.004
59900,0.048
59901,0.286
59902,0.124
59903,0.026
59904,0.01
59905,0.012
59906,0.038
59907,0.038
59908,0.146
59909,0.056
59910,0.07
59911,0.038
59912,0.006
59913,0.0
59914,0.03
59915,0.0
59916,0.002
59917,0.0
59918,0.002
60400,0.056
60401,0.066
60402,0.36
60403,0.086
60404,0.024
60405,0.052
60406,0.02
60407,0.078
60408,0.542
60409,0.108
60410,0.348
60411,0.074
60412,0.012
60413,0.002
60414,0.246
60415,0.03
60416,0.002
60417,0.006
60418,0.004
60500,0.022
60501,0.07
60502,0.314
60503,0.152
60504,0.03
60505,0.034
60506,0.056
60507,0.194
60508,0.34
60509,0.048
60510,0.31
60511,0.12
60512,0.014
60513,0.002
60514,0.084
60515,0.038
60516,0.008
60517,0.036
60518,0.006
60800,0.0
60801,0.0
60802,0.0
60803,0.002
60804,0.0
60805,0.0
60806,0.0
60807,0.004
60808,0.0
60809,0.0
60810,0.0
60811,0.0
60812,0.0
60813,0.0
60814,0.0
60815,0.0
60816,0.0
60817,0.0
60818,0.0
61100,0.0
61101,0.008
61102,0.02
61103,0.012
61104,0.006
61105,0.056
61106,0.274
61107,0.028
61108,0.038
61109,0.07
61110,0.226
61111,0.006
61112,0.05
61113,0.006
61114,0.036
61115,0.014
61116,0.002
61117,0.052
61118,0.022
61300,0.018
61301,0.014
61302,0.056
61303,0.002
61304,0.044
61305,0.364
61306,0.516
61307,0.012
61308,0.128
61309,0.182
61310,0.634
61311,0.01
61312,0.142
61313,0.012
61314,0.092
61315,0.026
61316,0.01
61317,0.008
61318,0.036
61400,0.006
61401,0.024
61402,0.028
61403,0.0
61404,0.044
61405,0.308
61406,0.554
61407,0.036
61408,0.148
61409,0.124
61410,0.78
61411,0.012
61412,0.168
61413,0.048
61414,0.174
61415,0.022
61416,0.024
61417,0.02
61418,0.052
61700,0.0
61701,0.0
61702,0.0
61703,0.0
61704,0.0
61705,0.0
61706,0.01
61707,0.0
61708,0.0
61709,0.0
61710,0.0
61711,0.0
61712,0.0
61713,0.0
61714,0.0
61715,0.0
61716,0.0
61717,0.0
61718,0.0
62100,0.006
62101,0.006
62102,0.022
62103,0.0
62104,0.046
62105,0.394
62106,0.442
62107,0.014
62108,0.142
62109,0.058
62110,0.646
62111,0.004
62112,0.258
62113,0.052
62114,0.202
62115,0.04
62116,0.008
62117,0.004
62118,0.042
62400,0.002
62401,0.0
62402,0.0
62403,0.0
62404,0.008
62405,0.0
62406,0.01
62407,0.002
62408,0.004
62409,0.074
62410,0.016
62411,0.0
62412,0.018
62413,0.0
62414,0.0
62415,0.0
62416,0.0
62417,0.0
62418,0.0
62700,0.0
62701,0.0
62702,0.0
62703,0.0
62704,0.0
62705,0.0
62706,0.0
62707,0.0
62708,0.0
62709,0.0
62710,0.0
62711,0.0
62712,0.0
62713,0.0
62714,0.0
62715,0.0
62716,0.0
62717,0.0
62718,0.0
62800,0.0
62801,0.0
62802,0.0
62803,0.0
62804,0.0
62805,0.0
62806,0.0
62807,0.0
62808,0.0
62809,0.014
62810,0.0
62811,0.0
62812,0.0
62813,0.0
62814,0.01
62815,0.0
62816,0.0
62817,0.0
62818,0.0
63500,0.006
63501,0.016
63502,0.08
63503,0.006
63504,0.538
63505,0.074
63506,0.062
63507,0.018
63508,0.718
63509,0.056
63510,0.656
63511,0.012
63512,0.03
63513,0.016
63514,0.23
63515,0.248
63516,0.0
63517,0.0
63518,0.008
63600,0.0
63601,0.0
63602,0.0
63603,0.0
63604,0.0
63605,0.0
63606,0.0
63607,0.022
63608,0.0
63609,0.012
63610,0.0
63611,0.0
63612,0.0
63613,0.0
63614,0.07
63615,0.0
63616,0.0
63617,0.0
63618,0.0
63700,0.0
63701,0.0
63702,0.0
63703,0.0
63704,0.0
63705,0.0
63706,0.0
63707,0.0
63708,0.0
63709,0.0
63710,0.0
63711,0.0
63712,0.0
63713,0.0
63714,0.0
63715,0.0
63716,0.0
63717,0.0
63718,0.0
63800,0.0
63801,0.0
63802,0.0
63803,0.0
63804,0.0
63805,0.0
63806,0.0
63807,0.0
63808,0.0
63809,0.0
63810,0.0
63811,0.0
63812,0.0
63813,0.0
63814,0.0
63815,0.0
63816,0.0
63817,0.0
63818,0.0
63900,0.0
63901,0.0
63902,0.0
63903,0.0
63904,0.0
63905,0.0
63906,0.0
63907,0.0
63908,0.002
63909,0.0
63910,0.0
63911,0.0
63912,0.0
63913,0.0
63914,0.0
63915,0.0
63916,0.0
63917,0.0
63918,0.0
64300,0.0
64301,0.0
64302,0.0
64303,0.0
64304,0.0
64305,0.0
64306,0.0
64307,0.0
64308,0.0
64309,0.0
64310,0.0
64311,0.0
64312,0.0
64313,0.0
64314,0.0
64315,0.0
64316,0.0
64317,0.0
64318,0.0
64400,0.0
64401,0.0
64402,0.0
64403,0.0
64404,0.0
64405,0.0
64406,0.0
64407,0.0
64408,0.0
64409,0.0
64410,0.0
64411,0.0
64412,0.0
64413,0.0
64414,0.0
64415,0.0
64416,0.0
64417,0.0
64418,0.0
